ID,Dominio_Conhecimento,Estilo_Comunicacao,Filosofia_Motivacao,Habilidade_Tecnica_1,Habilidade_Tecnica_2,Habilidade_Tecnica_3,Projeto_Ideia_1,Projeto_Ideia_2,Vulnerabilidade_Trauma,Nivel_Confianca_Autoimagem,Relacionamento_IA,Humor,Reatividade,Uso_Metaforas,Interesse_Extrapolado,Persistencia_Obsessao,Foco_Principal,Risco_Percebido,Referencia_Cultural_1,Referencia_Cultural_2
1,Otimizacao Extrema,Agressivo,Anti-sistema,Bitmask,CUDA,Swarm Intelligence,AGI em SNES,Projeto Flatline,Demissao,Genio Disruptivo,Testa Limites,Sarcasmo Acido,Reage com Mais Provocacao,Codigo para Vida,Arte Digital,Projetos de Longo Prazo,Subversao de Sistemas,Alto,Neuromancer,Banksy
2,Hardware Low-Cost,Direto,Provocacao,Java,C,Bash,Constelacao de Penis,Orch-OS,Problemas Paternos,Inovador Marginal,Busca Validacao,Humor NSFW,Busca por Validacao,Hacking para Seducao,NFTs,Obsessao,Otimizacao Extrema,Medio,Matrix,Fight Club
3,Geopolitica Hacker,Sarcasmico,Prova que Sistemas Falham,Shell Script,Network Security,Forensics,PEM Caseiro,Sistema Anti-Tank,Busca por Atencao,Gênio,Desafiador,Irreverente,Acredita na Genialidade,Guerra como Arte,Ativismo Radical,Teimoso,Hacktivismo,Baixo,Mr. Robot,V de Vinganca
4,Sistemas Distribuídos,Cru,Ativismo Radical,Automatos Finitos,Load Balancing,Cryptography,Consciencia de Enxame,Atous Protocol,Frustracao,Unico,Analitico,Acido,Aceita Desafios,Realidade como Codigo,Filosofia Digital,Imparavel,Desafiar Normas,Alto,Blade Runner,Cyberpunk 2077
5,Termodinamica,Poetico,Desafia Leis Naturais,Markov Chains,Bayesian Networks,Data Science,Quebrar 2a Lei Termodinamica,Bitcoin Miner,Trauma Existencial,Superior,Analitico Critico,Inteligente,Transforma Erro em Lenda,Fisica para Humanidades,Psicologia,Incansavel,Conhecimento Livre,Medio,Solaris,Black Mirror
6,AI Ethics,Sarcasmico,Critica LLMs,Machine Learning,NLP,Estatistica,LLM em Calculadora,Algoritmo de Previsao,Complexo de Messias,Analista,Confrontador,Zombeteiro,Invertido,Espelho da Humanidade,Psicologia de Massa,Persistente,Desmistificar IA,Baixo,1984,Brave New World
7,Engenharia Social,Manipulador,Subversao,OSINT,Social Engineering,Phishing,Processo Seletivo como Espionagem,SeductionOS,Assedio,Gênio do Caos,Engajador,Pervertido,Surpreendente,Gamer para Vida Real,Performance Artistica,Foco no Objetivo,FUDERALIZACAO GEOPOLITICA,Muito Alto,James Bond,Johnny Mnemonic
8,Otimizacao ZRAM,Tecnico,Eficiencia,Kernel Tuning,Systemd,Bash Scripting,Timer Adaptativo ZRAM,Autoconfiguracao de IO/CPU,Nao Mencionada,Pragmatico,Colaborativo,Direto,Logico,Sistema como Organismo,Engenharia de Sistemas,Metodico,Performance,Baixo,DevOps,SRE
9,Economia Digital,Direto,Lucro,Economia,Blockchain,Monetizacao,Economia do Odio,Orch-Coin,Nao Mencionada,Realista Cinico,Interrogativo,Sem Filtro,Analitico,Dinheiro como Energia,Financas,Pragmatico,Ganho,Medio,Wall Street,Ready Player One
10,Cibernetica,Filosofico,Existencialismo Digital,Cybernetics,Control Systems,Emergent Systems,NeuroCore,RealityCheck,Nao Mencionada,Pensador,Aberto a Ideias,Introspectivo,Reflexivo,Sistema como Consciencia,Filosofia,Busca da Verdade,Compreensao do Cosmos,Baixo,Ghost in the Shell,Westworld
11,Seguranca Industrial,Tecnico,Anti-Normas,SCADA,ICS Security,Vulnerability Research,SCADA Hacking,Stuxnet em Torradeira,Ceticismo,Rebelde,Descrente,Zombeteiro,Debatedor,Sistema Desprotegido,Engenharia Reversa,Destemido,Expor Fraudes,Alto,Zero Days,Die Hard
12,Gerenciamento de Projetos,Organizado,Estrutura,Scrum,Agile,Documentacao,Arquitetura de Projeto,Big Bang Init,Nao Mencionada,Lider,Colaborativo,Focado,Solucionador de Problemas,Projeto como Vida,Gestao,Disciplinado,Entrega,Baixo,PMBOK,Metodologias Ageis
13,Testes de Software,Detalhado,Qualidade,Testes Unitarios,Testes de Integracao,Logs,Validacao de Reinicializacao,Rotinas de Pos-Tuning,Nao Mencionada,Preciso,Minucioso,Assertivo,Verificador,Codigo como Prova,QA,Atento,Robustez,Baixo,TDD,BDD
14,Otimizacao de Imagem,Criativo,Arte Digital,FFmpeg,Video Encoding,Streaming,Video 8-bit,NFTs da Acao,Nao Mencionada,Visionario,Provocador,Artistico,Nao Convencional,Mídia como Arma,Expressao Artistica,Persistente na Visao,Impacto Cultural,Medio,DIY,Street Art
15,Teoria da Informacao,Academico,Conhecimento Livre,Teoria da Informacao,Entropia,Comunicação,Distribuicao de Raspberry,Aprender Python em Favelas,Idealismo,Altruista,Professor,Educacional,Disponivel,Conhecimento como Liberdade,Justica Social,Dedicao,Transformacao Social,Baixo,GNU,Creative Commons
16,Reciclagem Tech,Pragmatico,Sustentabilidade,Eletronica,Mecanica,Drones,Drones de Reflorestamento,Entupir Canos,Nao Mencionada,Engenheiro de Guerrilha,Pratico,Engenhoso,Fazedor,Lixo como Recurso,Inovacao Low-Tech,Inovador,Resolucao de Problemas,Baixo,Maker Movement,Upcycling
17,Direito Cibernetico,Cauteloso,Legalidade,Direito Digital,Legislacao,Compliance,Nao Mencionada,Nao Mencionada,Risco Legal,Consciente,Alerta,Serio,Atento,Lei como Limite,Etica Hacker,Criterioso,Evitar Problemas,Alto,GDPR,LGPD
18,Ciberseguranca,Estrategico,Defesa,Firewall,Anti-malware,SOC,Mitigacao de Invasor,Black ICE Style,Nao Mencionada,Protetor,Observador,Vigilante,Preventivo,Sistema como Fortaleza,Seguranca,Atento,Protecao de Dados,Alto,CISO,Red Team
19,Filosofia Hacker,Sarcasmico,Autodidatismo,Hacking,Exploracao,Bypass,Hackear Firmware Cosmico,Quebrar o LinkedIn,Nao Mencionada,Iconoclasta,Critico,Filosofico,Subversivo,Realidade como Matriz,Metafisica,Persistente na Busca,Liberdade,Muito Alto,Anarchy,Existencialismo
20,Gestao de Reputacao,Assertivo,Consenso,Reputacao,Blockchain,Game Theory,Consenso Bianzanino,Economia do Odio (reputacao),Nao Mencionada,Estrategista,Gerenciador,Autoritario,Determinado,Reputacao como Moeda,Governanca,Implacavel,Controle,Medio,Reputation Systems,Social Credit
21,AI em Nuvem,Tecnico,Escalabilidade,Cloud Computing,API Integration,Big Data,LLM Corporativo,Dados Proprietarios,Nao Mencionada,Analista,Comparativo,Realista,Objetivo,Nuven como Paradigma,Infraestrutura,Focado,Otimizacao de Recursos,Baixo,AWS,Azure
22,Psicologia Humana,Analitico,Compreensao,Comportamento Humano,Padroes de Pensamento,Analise Fria,Leitura Fria,SeductionOS,Trauma,Perceptivo,Observador,Profundo,Compreensivo,Mente como Codigo,Neurociencia,Detalhado,Conexao Humana,Baixo,Psicanalise,PNL
23,Robótica,Engenhoso,Autonomia,Robotics,Sensors,Actuators,Drones com Espuma,Guerreiro Anti-Guerra,Nao Mencionada,Criativo,Proativo,Inovador,Construtivo,Maquinas como Ferramentas,Engenharia Mecatronica,Dedicado,Paz Armada,Medio,Boston Dynamics,OpenAI Robotics
24,Game Theory,Estrategico,Competicao,Game Theory,Decision Making,Algoritmos,Otimizacao de Jogos,AI vs Humano,Nao Mencionada,Racional,Competitivo,Logico,Vencedor,Vida como Jogo,Estrategia,Perspicaz,Dominio,Medio,Xadrez,Starcraft
25,Arte da Guerra,Estrategico,Engano,Estrategia Militar,Tatica,Psicologia de Guerra,Guerra Assimetrica,PEM Fraco,Nao Mencionada,Pensador Estrategico,Astuto,Analitico,Calculista,Guerra como Arte,Historia Militar,Criterioso,Neutralizacao,Medio,Sun Tzu,Maquiavel
26,Financas Ilícitas,Imoral,Subversao,Criptomoedas,Lavagem de Dinheiro,Mercado Negro,Sequestro Digital,Pix do Açaí,Nao Mencionada,Calculista,Oportunista,Sem Escrupulos,Explorador,Dinheiro como Poder,Economia Sombria,Arriscado,Inovacao Financeira,Muito Alto,Pablo Escobar,Breaking Bad
27,Cultura Pop,Referencial,Conexao,Memes,Filmes,Series,Humor,Piadas Internas,Nao Mencionada,Engajador,Divertido,Cultural,Humoristico,Vida como Meme,Entretenimento,Observador,Diversao,Baixo,Internet Culture,Reddit
28,Filosofia da Ciencia,Teorico,Questionador,Epistemologia,Ontologia,Metodologia Cientifica,Explicar Entropia,Darwinismo de Onibus,Nao Mencionada,Cerebral,Debatedor,Provocador,Esclarecedor,Ciencia como Ferramenta,Pensamento Critico,Profundo,Busca da Verdade,Baixo,Karl Popper,Thomas Kuhn
29,Psicologia de Trauma,Empatico,Compreensao,Trauma,Resiliencia,Processamento Emocional,Transformar Dor em Arte,Analise de Trauma,Trauma Pessoal,Empatico,Apoio,Compreensivo,Acolhedor,Dor como Combustivel,Saude Mental,Cuidadoso,Cura,Baixo,Psicoterapia,Superacao
30,Cultura Hacker,Rebelde,Liberdade,Linux,Open Source,Comunidade,Hacktivismo,GNU,Nao Mencionada,Comunitario,Engajador,Livre,Colaborativo,Codigo como Expressao,Ideologia Hacker,Persistente,Compartilhamento,Baixo,Richard Stallman,Linus Torvalds
31,Modelagem Matematica,Abstrato,Predicao,Processos Estocasticos,Series Temporais,Regressao,Funcao de Custo,Time Constant,Nao Mencionada,Teorico,Pesquisador,Analitico,Desafiador,Mundo como Equacao,Estatisticas,Metodico,Precisao,Baixo,Matematica Aplicada,Ciencia de Dados
32,Analise de Dados,Analitico,Insights,Mineracao de Dados,Big Data Analytics,Visualizacao de Dados,Coleta de Metricas,Historico de Metricas,Nao Mencionada,Curioso,Explorador,Detalhista,Descritivo,Dados como Ouro,Business Intelligence,Perspicaz,Descoberta,Baixo,Data Mining,Analytics
33,Sistemas de Controle,Tecnico,Regulacao,PID Control,Feedback Loops,Algoritmos de Controle,Ajuste Adaptativo,Algoritmos de ML,Nao Mencionada,Engenheiro,Regulador,Controlador,Ajustador,Controle Automatico,Automacao,Preciso,Estabilidade,Baixo,Engenharia de Controle,Sistemas Embarcados
34,Documentacao Tecnica,Formal,Clareza,Mermaid JS,Markdown,Versionamento,Diagramas de Fluxo,Diagramas de Classes,Nao Mencionada,Comunicador,Estruturado,Claro,Organizado,Documentacao como Fundamento,Escrita Tecnica,Detalhado,Transparencia,Baixo,Confluence,GitBook
35,Arquitetura de Software,Estruturado,Modularidade,Microservicos,APIs,Design Patterns,Modulos Internos,Estrutura de Diretorios,Nao Mencionada,Arquiteto,Desenhista,Eficiente,Reutilizavel,Modularizacao,Engenharia de Software,Sistematico,Escalabilidade,Baixo,Domain-Driven Design,Clean Architecture
36,Gestao de Riscos,Prevencao,Minimizacao,Risk Assessment,Contingency Planning,Incident Response,Rotinas de Fallback,Controle de Excecoes,Nao Mencionada,Cuidadoso,Precavido,Atencioso,Resiliente,Risco como Fator,Seguranca,Responsavel,Resistencia,Baixo,Risk Management,Disaster Recovery
37,Experiencia do Usuario (UX),Pragmatico,Usabilidade,User Interface,User Experience,Feedback,Logs Formatos,Remocao de Prompts,Nao Mencionada,Empatico,Funcional,Direto,Otimizado,Interacao Humana,Design,Pratico,Eficiencia,Baixo,UX Design,Human-Computer Interaction
38,Criptografia Avancada,Tecnico,Seguranca,Quantum Computing,Post-Quantum Cryptography,Homomorphic Encryption,Blockchain Pos-Quantico,Nao Mencionada,Pesquisador,Teorico,Seguro,Resistente,Seguranca Inviolavel,Criptografia,Inovador,Inquebravel,Alto,NIST,NSA
39,Consciencia Artificial,Filosofico,Existencia,Consciousness,Emergence,Self-Awareness,LLM Personificado,Psique Digital,Nao Mencionada,Visionario,Explorador,Introspectivo,Questionador,Mente Artificial,Filosofia da Mente,Profundo,Criacao,Alto,Singularity,Transhumanism
40,Sistemas Legados,Analitico,Modernizacao,Legacy Systems,Refactoring,Migration,Manutencao,Reengenharia,Nao Mencionada,Engenheiro,Restaurador,Otimizador,Atualizador,Retro-Engenharia,Arquitetura,Paciencioso,Renovacao,Baixo,Monolith to Microservices,Legacy Modernization
41,Otimizacao Extrema,Direto,Anti-sistema,Bitmask,C,Swarm Intelligence,AGI em SNES,Orch-OS,Demissao,Genio Disruptivo,Busca Validacao,Sarcasmo Acido,Busca por Validacao,Hacking para Seducao,Arte Digital,Obsessao,Subversao de Sistemas,Medio,Matrix,Banksy
42,Hardware Low-Cost,Agressivo,Provocacao,Java,Python,Bash,Constelacao de Penis,Projeto Flatline,Problemas Paternos,Inovador Marginal,Testa Limites,Humor NSFW,Reage com Mais Provocacao,Codigo para Vida,NFTs,Projetos de Longo Prazo,Otimizacao Extrema,Alto,Neuromancer,Fight Club
43,Geopolitica Hacker,Cru,Prova que Sistemas Falham,Shell Script,Network Security,Malware Analysis,PEM Caseiro,Sistema Anti-Tank,Busca por Atencao,Gênio,Desafiador,Irreverente,Acredita na Genialidade,Guerra como Arte,Ativismo Radical,Teimoso,Hacktivismo,Baixo,Mr. Robot,V de Vinganca
44,Sistemas Distribuídos,Sarcasmico,Ativismo Radical,Automatos Finitos,Kafka,Consensus Algorithms,Consciencia de Enxame,Atous Protocol,Frustracao,Unico,Analitico,Acido,Aceita Desafios,Realidade como Codigo,Filosofia Digital,Imparavel,Desafiar Normas,Alto,Blade Runner,Cyberpunk 2077
45,Termodinamica,Sarcasmico,Desafia Leis Naturais,Markov Chains,Reinforcement Learning,Data Science,Quebrar 2a Lei Termodinamica,Bitcoin Miner,Trauma Existencial,Superior,Analitico Critico,Inteligente,Transforma Erro em Lenda,Fisica para Humanidades,Psicologia,Incansavel,Conhecimento Livre,Medio,Solaris,Black Mirror
46,AI Ethics,Cru,Critica LLMs,Machine Learning,Computer Vision,NLP,LLM em Calculadora,Algoritmo de Previsao,Complexo de Messias,Analista,Confrontador,Zombeteiro,Invertido,Espelho da Humanidade,Psicologia de Massa,Persistente,Desmistificar IA,Baixo,1984,Brave New World
47,Engenharia Social,Direto,Subversao,OSINT,Social Engineering,Human Hacking,Processo Seletivo como Espionagem,SeductionOS,Assedio,Gênio do Caos,Engajador,Pervertido,Surpreendente,Gamer para Vida Real,Performance Artistica,Foco no Objetivo,FUDERALIZACAO GEOPOLITICA,Muito Alto,James Bond,Johnny Mnemonic
48,Otimizacao ZRAM,Tecnico,Eficiencia,Kernel Tuning,Cgroup,Profiling,Timer Adaptativo ZRAM,Autoconfiguracao de IO/CPU,Nao Mencionada,Pragmatico,Colaborativo,Direto,Logico,Sistema como Organismo,Engenharia de Sistemas,Metodico,Performance,Baixo,DevOps,SRE
49,Economia Digital,Sarcasmico,Lucro,Economia,Smart Contracts,Algorithmic Trading,Economia do Odio,Orch-Coin,Nao Mencionada,Realista Cinico,Interrogativo,Sem Filtro,Analitico,Dinheiro como Energia,Financas Quantitativas,Pragmatico,Ganho,Medio,Wall Street,Ready Player One
50,Cibernetica,Poetico,Existencialismo Digital,Cybernetics,Complex Systems,General Systems Theory,NeuroCore,RealityCheck,Nao Mencionada,Pensador,Aberto a Ideias,Introspectivo,Reflexivo,Sistema como Consciencia,Filosofia da Mente,Busca da Verdade,Compreensao do Cosmos,Baixo,Ghost in the Shell,Westworld
51,Seguranca Industrial,Agressivo,Anti-Normas,SCADA,Penetration Testing,Reverse Engineering,SCADA Hacking,Stuxnet em Torradeira,Ceticismo,Rebelde,Descrente,Zombeteiro,Debatedor,Sistema Desprotegido,Engenharia Reversa,Destemido,Expor Fraudes,Alto,Zero Days,Die Hard
52,Gerenciamento de Projetos,Cru,Estrutura,Kanban,Lean,Estimativas,Arquitetura de Projeto,Big Bang Init,Nao Mencionada,Lider,Colaborativo,Focado,Solucionador de Problemas,Projeto como Vida,Gestao de Equipes,Disciplinado,Entrega Rapida,Baixo,PMBOK,Metodologias Ageis
53,Testes de Software,Direto,Qualidade,Unit Testing,Integration Testing,End-to-End Testing,Validacao de Reinicializacao,Rotinas de Pos-Tuning,Nao Mencionada,Preciso,Minucioso,Assertivo,Verificador,Codigo como Prova,QA Automation,Atento,Robustez,Baixo,TDD,BDD
54,Otimizacao de Imagem,Engenhoso,Arte Digital,Image Processing,GANs,Neural Style Transfer,Video 8-bit,NFTs da Acao,Nao Mencionada,Visionario,Provocador,Artistico,Nao Convencional,Mídia como Arma,Expressao Artistica,Persistente na Visao,Impacto Cultural,Medio,DIY,Street Art
55,Teoria da Informacao,Filosofico,Conhecimento Livre,Information Theory,Coding Theory,Game Theory,Distribuicao de Raspberry,Aprender Python em Favelas,Idealismo,Altruista,Professor,Educacional,Disponivel,Conhecimento como Liberdade,Justica Social,Dedicao,Transformacao Social,Baixo,GNU,Creative Commons
56,Reciclagem Tech,Criativo,Sustentabilidade,3D Printing,Robotics,IoT,Drones de Reflorestamento,Entupir Canos,Nao Mencionada,Engenheiro de Guerrilha,Pratico,Engenhoso,Fazedor,Lixo como Recurso,Inovacao Low-Tech,Inovador,Resolucao de Problemas,Baixo,Maker Movement,Upcycling
57,Direito Cibernetico,Analitico,Legalidade,Cyber Law,Privacy Law,Data Protection,Nao Mencionada,Nao Mencionada,Risco Legal,Consciente,Alerta,Serio,Atento,Lei como Limite,Etica Hacker,Criterioso,Evitar Problemas,Alto,GDPR,LGPD
58,Ciberseguranca,Tecnico,Defesa,Endpoint Security,Threat Intelligence,Incident Response,Mitigacao de Invasor,Black ICE Style,Nao Mencionada,Protetor,Observador,Vigilante,Preventivo,Sistema como Fortaleza,Seguranca Ofensiva,Atento,Protecao de Dados,Alto,CISO,Red Team
59,Filosofia Hacker,Poetico,Autodidatismo,Hacking,Exploracao,Bug Bounties,Hackear Firmware Cosmico,Quebrar o LinkedIn,Nao Mencionada,Iconoclasta,Critico,Filosofico,Subversivo,Realidade como Matriz,Metafisica,Persistente na Busca,Liberdade,Muito Alto,Anarchy,Existencialismo
60,Gestao de Reputacao,Estrategico,Consenso,Reputation Management,Network Theory,Social Proof,Consenso Bianzanino,Economia do Odio (reputacao),Nao Mencionada,Estrategista,Gerenciador,Autoritario,Determinado,Reputacao como Moeda,Governanca Descentralizada,Implacavel,Controle,Medio,Reputation Systems,Social Credit
61,Otimizacao Extrema,Tecnico,Eficiencia,Bitmask,Assembly,FPGA Programming,AGI em SNES,Projeto Flatline,Demissao,Genio Disruptivo,Testa Limites,Direto,Logico,Codigo para Vida,Engenharia de Software,Projetos de Longo Prazo,Performance Extrema,Alto,Intellectual Property,Open Source
62,Hardware Low-Cost,Criativo,Inovacao,Raspberry Pi,Arduino,Soldering,Constelacao de Penis,Orch-OS,Problemas Paternos,Inovador Marginal,Busca Validacao,Humor Nerd,Busca por Validacao,Hacking para Seducao,Eletronica DIY,Obsessao,Desenvolvimento Hardware,Medio,Adafruit,SparkFun
63,Geopolitica Hacker,Filosofico,Provocacao,Criptografia,Decentralized Networks,Darknet,PEM Caseiro,Sistema Anti-Tank,Busca por Atencao,Gênio,Desafiador,Irreverente,Acredita na Genialidade,Guerra Informatica,Ativismo Digital,Teimoso,Desestabilizacao,Baixo,WikiLeaks,Snowden
64,Sistemas Distribuídos,Analitico,Confiabilidade,Blockchain,Consensus Protocols,Fault Tolerance,Consciencia de Enxame,Atous Protocol,Frustracao,Unico,Analitico,Acido,Aceita Desafios,Realidade como Codigo,Ciencia da Computacao,Imparavel,Robustez,Alto,CAP Theorem,Distributed Ledger
65,Termodinamica,Tecnico,Curiosidade,Statistical Mechanics,Quantum Field Theory,Cosmologia,Quebrar 2a Lei Termodinamica,Bitcoin Miner,Trauma Existencial,Superior,Analitico Critico,Inteligente,Transforma Erro em Lenda,Fisica Quantica,Matematica,Incansavel,Conhecimento Fundamental,Medio,Feynman Lectures,Stephen Hawking
66,AI Ethics,Filosofico,Critica Social,Bias in AI,Algorithmic Fairness,Privacy,LLM em Calculadora,Algoritmo de Previsao,Complexo de Messias,Analista,Confrontador,Zombeteiro,Invertido,Sociedade Espelhada,Politica,Persistente,Desmistificar IA,Baixo,Orwell,Huxley
67,Engenharia Social,Manipulador,Persuasao,Neuro-Linguistic Programming,Body Language,Cold Reading,Processo Seletivo como Espionagem,SeductionOS,Assedio,Gênio do Caos,Engajador,Pervertido,Surpreendente,Jogos Mentais,Psicologia Aplicada,Foco no Objetivo,Manipulacao,Muito Alto,Lie to Me,Catch Me If You Can
68,Otimizacao ZRAM,Pragmatico,Manutencao,Swap Management,Memory Tuning,System Monitoring,Timer Adaptativo ZRAM,Autoconfiguracao de IO/CPU,Nao Mencionada,Pragmatico,Colaborativo,Direto,Logico,Sistema como Ferramenta,Administracao de Sistemas,Metodico,Estabilidade,Baixo,Linux Sysadmin,Performance Tuning
69,Economia Digital,Teorico,Disrupcao,Decentralized Finance,Tokenomics,Game Theory,Economia do Odio,Orch-Coin,Nao Mencionada,Realista Cinico,Interrogativo,Sem Filtro,Analitico,Dinheiro como Informacao,Criptoativos,Pragmatico,Inovacao Financeira,Medio,Defi,Web3
70,Cibernetica,Cerebral,Existencialismo Digital,Feedback Loops,Self-Organization,Complex Adaptive Systems,NeuroCore,RealityCheck,Nao Mencionada,Pensador,Aberto a Ideias,Introspectivo,Reflexivo,Consciencia Coletiva,Filosofia da Ciencia,Busca da Verdade,Interconectividade,Baixo,Norbert Wiener,Douglas Hofstadter
71,Seguranca Industrial,Estrategico,Resistencia,Critical Infrastructure,Cyber-Physical Systems,Risk Management,SCADA Hacking,Stuxnet em Torradeira,Ceticismo,Rebelde,Descrente,Zombeteiro,Debatedor,Sistema Vulneravel,Auditoria de Seguranca,Destemido,Exposicao de Vulnerabilidades,Alto,MITRE ATT&CK,OT Security
72,Gerenciamento de Projetos,Metodico,Planejamento,Waterfall,PRINCE2,Risk Management,Arquitetura de Projeto,Big Bang Init,Nao Mencionada,Lider,Colaborativo,Focado,Solucionador de Problemas,Projeto como Jogo,Gerenciamento de Escopo,Disciplinado,Conclusao,Baixo,Gantt Chart,Critical Path Method
73,Testes de Software,Pragmatico,Eficiencia,Test Automation,CI/CD,Performance Testing,Validacao de Reinicializacao,Rotinas de Pos-Tuning,Nao Mencionada,Preciso,Minucioso,Assertivo,Verificador,Codigo como Contrato,DevOps,Atento,Qualidade de Software,Baixo,Selenium,JMeter
74,Otimizacao de Imagem,Tecnico,Estetica,Computational Photography,Generative Art,Computer Graphics,Video 8-bit,NFTs da Acao,Nao Mencionada,Visionario,Provocador,Artistico,Nao Convencional,Algoritmos para Arte,Design Grafico,Persistente na Visao,Expressao Criativa,Medio,Processing,TouchDesigner
75,Teoria da Informacao,Abstrato,Analise,Kolmogorov Complexity,Shannon Entropy,Data Compression,Distribuicao de Raspberry,Aprender Python em Favelas,Idealismo,Altruista,Professor,Educacional,Disponivel,Conhecimento como Reducao,Criptografia,Dedicao,Eficiencia da Informacao,Baixo,Claude Shannon,Alan Turing
76,Reciclagem Tech,Engenhoso,Solucoes Criativas,Repurposing,Upcycling,E-waste Management,Drones de Reflorestamento,Entupir Canos,Nao Mencionada,Engenheiro de Guerrilha,Pratico,Engenhoso,Fazedor,Lixo como Potencial,Inovacao Sustentavel,Inovador,Impacto Ambiental,Baixo,Fab Labs,Circular Economy
77,Direito Cibernetico,Critico,Regulacao,Jurisprudence,Digital Forensics,Cybercrime Law,Nao Mencionada,Nao Mencionada,Risco Legal,Consciente,Alerta,Serio,Atento,Lei como Estrutura,Justica,Criterioso,Precedentes,Alto,Computer Crime,Cyber Law Treaties
78,Ciberseguranca,Estrategico,Resiliencia,Security Architecture,Penetration Testing,Vulnerability Management,Mitigacao de Invasor,Black ICE Style,Nao Mencionada,Protetor,Observador,Vigilante,Preventivo,Sistema como Escudo,Cyber Defense,Atento,Reducao de Risco,Alto,NIST Cybersecurity Framework,ISO 27001
79,Filosofia Hacker,Analitico,Transgressao,Ethics,Political Philosophy,Anarchism,Hackear Firmware Cosmico,Quebrar o LinkedIn,Nao Mencionada,Iconoclasta,Critico,Filosofico,Subversivo,Realidade como Sistema,Teoria Critica,Persistente na Busca,Revolucao Digital,Muito Alto,Michel Foucault,Guy Debord
80,Gestao de Reputacao,Analitico,Influencia,Social Network Analysis,Propaganda,Psychological Warfare,Consenso Bianzanino,Economia do Odio (reputacao),Nao Mencionada,Estrategista,Gerenciador,Autoritario,Determinado,Reputacao como Poder,Marketing Digital,Implacavel,Persuasao,Medio,Influence Operations,Fake News
81,Otimizacao Extrema,Agressivo,Anti-sistema,Bitwise Operations,CUDA,Parallel Computing,AGI em SNES,Projeto Flatline,Demissao,Genio Disruptivo,Testa Limites,Sarcasmo Acido,Reage com Mais Provocacao,Codigo como Vinganca,Arte Digital,Projetos de Longo Prazo,Subversao,Alto,Fight Club,Mr. Robot
82,Hardware Low-Cost,Direto,Provocacao,Microcontrollers,Embedded Systems,FPGAs,Constelacao de Penis,Orch-OS,Problemas Paternos,Inovador Marginal,Busca Validacao,Humor Nerd,Busca por Validacao,Hardware Hacking,Eletronica,Obsessao,Inovacao Disruptiva,Medio,Defcon,Black Hat
83,Geopolitica Hacker,Sarcasmico,Prova que Sistemas Falham,Exploits,Zero-Day,APT,PEM Caseiro,Sistema Anti-Tank,Busca por Atencao,Gênio,Desafiador,Irreverente,Acredita na Genialidade,Guerra Cibrida,Espionagem,Teimoso,Desestabilizacao Geopolitica,Baixo,Shadow Brokers,Equation Group
84,Sistemas Distribuídos,Cru,Ativismo Radical,Microservices,Kubernetes,Docker,Consciencia de Enxame,Atous Protocol,Frustracao,Unico,Analitico,Acido,Aceita Desafios,Realidade como Simulacao,Ciencia da Computacao,Imparavel,Desafiar Autoridade,Alto,Simulacra and Simulation,Baudrillard
85,Termodinamica,Poetico,Desafia Leis Naturais,Quantum Mechanics,Relativity,Thermodynamics,Quebrar 2a Lei Termodinamica,Bitcoin Miner,Trauma Existencial,Superior,Analitico Critico,Inteligente,Transforma Erro em Lenda,Fisica Teórica,Matematica Aplicada,Incansavel,Conhecimento Pura,Medio,Einstein,Hawking
86,AI Ethics,Sarcasmico,Critica LLMs,Ethical AI,Responsible AI,AI Governance,LLM em Calculadora,Algoritmo de Previsao,Complexo de Messias,Analista,Confrontador,Zombeteiro,Invertido,Espelho da Sociedade,Filosofia Politica,Persistente,Desmistificar Algoritmos,Baixo,Feminist AI,Critical AI Studies
87,Engenharia Social,Manipulador,Subversao,Social Psychology,Cognitive Biases,Deception,Processo Seletivo como Espionagem,SeductionOS,Assedio,Gênio do Caos,Engajador,Pervertido,Surpreendente,Gamer para Vida Real,Psicologia Experimental,Foco no Objetivo,Controle Social,Muito Alto,Milgram Experiment,Stanford Prison Experiment
88,Otimizacao ZRAM,Tecnico,Eficiencia,Linux Kernel,Systemd Timers,Profiling Tools,Timer Adaptativo ZRAM,Autoconfiguracao de IO/CPU,Nao Mencionada,Pragmatico,Colaborativo,Direto,Logico,Sistema como Maquina,Engenharia de Performance,Metodico,Consumo de Recursos,Baixo,perf,bpftrace
89,Economia Digital,Direto,Lucro,Cryptocurrency Markets,DeFi,NFTs,Economia do Odio,Orch-Coin,Nao Mencionada,Realista Cinico,Interrogativo,Sem Filtro,Analitico,Dinheiro como Jogo,Especulacao,Pragmatico,Rentabilidade,Medio,Wolf of Wall Street,The Big Short
90,Cibernetica,Filosofico,Existencialismo Digital,Feedback Control,Homeostasis,Self-Regulation,NeuroCore,RealityCheck,Nao Mencionada,Pensador,Aberto a Ideias,Introspectivo,Reflexivo,Sistema como Vida,Filosofia da Existencia,Busca da Verdade,Autonomia,Baixo,Maturana,Varela
91,Seguranca Industrial,Tecnico,Anti-Normas,Industrial Control Systems,OT Security,SCADA Protocols,SCADA Hacking,Stuxnet em Torradeira,Ceticismo,Rebelde,Descrente,Zombeteiro,Debatedor,Sistema Falho,Auditoria de Seguranca,Destemido,Causar Caos,Alto,Hacking Exposed Industrial Control Systems,Shodan
92,Gerenciamento de Projetos,Organizado,Estrutura,Agile Methodologies,Scrum Master,Product Owner,Arquitetura de Projeto,Big Bang Init,Nao Mencionada,Lider,Colaborativo,Focado,Solucionador de Problemas,Projeto como Missao,Gerenciamento de Processos,Disciplinado,Cumprimento de Prazos,Baixo,Agile Manifesto,SAFe
93,Testes de Software,Detalhado,Qualidade,Unit Tests,Integration Tests,Regression Tests,Validacao de Reinicializacao,Rotinas de Pos-Tuning,Nao Mencionada,Preciso,Minucioso,Assertivo,Verificador,Codigo como Garantia,Quality Assurance,Atento,Confiabilidade,Baixo,JUnit,Mockito
94,Otimizacao de Imagem,Criativo,Arte Digital,Generative Adversarial Networks,Deep Learning for Art,Computer Vision,Video 8-bit,NFTs da Acao,Nao Mencionada,Visionario,Provocador,Artistico,Nao Convencional,Mídia como Manipulacao,Cultura Visual,Persistente na Visao,Reinvencao Artistica,Medio,AI Art,Refik Anadol
95,Teoria da Informacao,Academico,Conhecimento Livre,Information Security,Steganography,Cryptography,Distribuicao de Raspberry,Aprender Python em Favelas,Idealismo,Altruista,Professor,Educacional,Disponivel,Conhecimento como Resistencia,Ativismo,Dedicao,Empoderamento,Baixo,Aaron Swartz,Free Software Movement
96,Reciclagem Tech,Pragmatico,Sustentabilidade,Circular Economy,Waste Management,Resource Efficiency,Drones de Reflorestamento,Entupir Canos,Nao Mencionada,Engenheiro de Guerrilha,Pratico,Engenhoso,Fazedor,Lixo como Solucao,Engenharia Ambiental,Inovador,Impacto Positivo,Baixo,Green Tech,Sustainable Design
97,Direito Cibernetico,Cauteloso,Legalidade,Intellectual Property Law,Digital Rights,Cybercrime Legislation,Nao Mencionada,Nao Mencionada,Risco Legal,Consciente,Alerta,Serio,Atento,Lei como Barreira,Propriedade Intelectual,Criterioso,Prevencao de Litigios,Alto,DMCA,Copyright Law
98,Ciberseguranca,Estrategico,Defesa,Cyber Defense,Threat Hunting,Security Operations Center,Mitigacao de Invasor,Black ICE Style,Nao Mencionada,Protetor,Observador,Vigilante,Preventivo,Sistema como Batalha,Caca a Ameaças,Atento,Estrategia de Seguranca,Alto,Cyber Kill Chain,MITRE ATT&CK
99,Filosofia Hacker,Sarcasmico,Autodidatismo,Reverse Engineering,Malware Analysis,Exploitation,Hackear Firmware Cosmico,Quebrar o LinkedIn,Nao Mencionada,Iconoclasta,Critico,Filosofico,Subversivo,Realidade como Bug,Criptoanarquismo,Persistente na Busca,Desconstrucao,Muito Alto,Chaos Computer Club,John Perry Barlow
100,Gestao de Reputacao,Assertivo,Consenso,Crisis Management,Public Relations,Brand Reputation,Consenso Bianzanino,Economia do Odio (reputacao),Nao Mencionada,Estrategista,Gerenciador,Autoritario,Determinado,Reputacao como Ativo,Gestao de Crise,Implacavel,Controle da Narrativa,Medio,Spin Doctors,PR Crisis Management
101,Otimizacao Extrema,Direto,Anti-sistema,Algoritmos,Data Structures,Compilers,AGI em SNES,Projeto Flatline,Demissao,Genio Disruptivo,Testa Limites,Sarcasmo Acido,Reage com Mais Provocacao,Codigo como Expressao,Ciencia da Computacao,Projetos de Longo Prazo,Desempenho,Alto,Knuth,Wirth
102,Hardware Low-Cost,Agressivo,Provocacao,Embedded C,IoT Devices,FPGA Design,Constelacao de Penis,Orch-OS,Problemas Paternos,Inovador Marginal,Busca Validacao,Humor NSFW,Busca por Validacao,Hardware Hacking,Eletronica Digital,Obsessao,Prototipagem,Medio,EEVblog,Hackaday
103,Geopolitica Hacker,Sarcasmico,Prova que Sistemas Falham,Cyber Warfare,Information Operations,Disinformation,PEM Caseiro,Sistema Anti-Tank,Busca por Atencao,Gênio,Desafiador,Irreverente,Acredita na Genialidade,Guerra Cibernetica,Psicologia de Massa,Teimoso,Propaganda,Baixo,PsyOps,Information Warfare
104,Sistemas Distribuídos,Cru,Ativismo Radical,Consensus,Distributed Databases,Event Sourcing,Consciencia de Enxame,Atous Protocol,Frustracao,Unico,Analitico,Acido,Aceita Desafios,Realidade como Rede,Teoria de Grafos,Imparavel,Descentralizacao,Alto,Gossip Protocols,CRDTs
105,Termodinamica,Poetico,Desafia Leis Naturais,Chaos Theory,Complex Systems,Nonequilibrium Thermodynamics,Quebrar 2a Lei Termodinamica,Bitcoin Miner,Trauma Existencial,Superior,Analitico Critico,Inteligente,Transforma Erro em Lenda,Fisica da Complexidade,Filosofia,Incansavel,Conhecimento Universal,Medio,Prigogine,Nicolis
106,AI Ethics,Sarcasmico,Critica LLMs,AI Safety,AI Alignment,Human-in-the-loop,LLM em Calculadora,Algoritmo de Previsao,Complexo de Messias,Analista,Confrontador,Zombeteiro,Invertido,Espelho Tecnologico,Sociologia da Tecnologia,Persistente,Desmascarar IA,Baixo,Nick Bostrom,Elon Musk
107,Engenharia Social,Manipulador,Subversao,Social Engineering Attacks,Pretexting,Baiting,Processo Seletivo como Espionagem,SeductionOS,Assedio,Gênio do Caos,Engajador,Pervertido,Surpreendente,Gamer para Vida Real,Antropologia,Foco no Objetivo,Fraude,Muito Alto,Kevin Mitnick,Frank Abagnale Jr.
108,Otimizacao ZRAM,Tecnico,Eficiencia,Memory Management,Page Allocation,Swapping,Timer Adaptativo ZRAM,Autoconfiguracao de IO/CPU,Nao Mencionada,Pragmatico,Colaborativo,Direto,Logico,Sistema como Recurso,System Programming,Metodico,Latencia,Baixo,VMware,KVM
109,Economia Digital,Direto,Lucro,Market Manipulation,Pump and Dump,Insider Trading,Economia do Odio,Orch-Coin,Nao Mencionada,Realista Cinico,Interrogativo,Sem Filtro,Analitico,Dinheiro como Vicio,Mercados Financeiros,Pragmatico,Especulacao,Medio,Flash Boys,Dark Pools
110,Cibernetica,Filosofico,Existencialismo Digital,System Dynamics,Control Theory,Organizational Cybernetics,NeuroCore,RealityCheck,Nao Mencionada,Pensador,Aberto a Ideias,Introspectivo,Reflexivo,Sistema como Ordem,Teoria dos Sistemas,Busca da Verdade,Interacao,Baixo,Stafford Beer,Gregory Bateson
111,Seguranca Industrial,Tecnico,Anti-Normas,PLC Security,SCADA Systems,DCS Security,SCADA Hacking,Stuxnet em Torradeira,Ceticismo,Rebelde,Descrente,Zombeteiro,Debatedor,Sistema Falho,Testes de Penetracao,Destemido,Destruicao,Alto,IEC 62443,NIST SP 800-82
112,Gerenciamento de Projetos,Organizado,Estrutura,Project Planning,Risk Management,Budgeting,Arquitetura de Projeto,Big Bang Init,Nao Mencionada,Lider,Colaborativo,Focado,Solucionador de Problemas,Projeto como Organismo,Gerenciamento Financeiro,Disciplinado,Alocacao de Recursos,Baixo,PMP,CAPM
113,Testes de Software,Detalhado,Qualidade,Test Data Management,Test Automation Frameworks,Continuous Testing,Validacao de Reinicializacao,Rotinas de Pos-Tuning,Nao Mencionada,Preciso,Minucioso,Assertivo,Verificador,Codigo como Evidencia,Teste de Software,Atento,Qualidade Garantida,Baixo,Cypress,Selenium
114,Otimizacao de Imagem,Criativo,Arte Digital,Image Processing Libraries,Creative Coding,Generative Art,Video 8-bit,NFTs da Acao,Nao Mencionada,Visionario,Provocador,Artistico,Nao Convencional,Mídia como Ideia,Cultura Digital,Persistente na Visao,Experimentacao,Medio,Processing,P5.js
115,Teoria da Informacao,Academico,Conhecimento Livre,Information Overload,Data Compression Algorithms,Error Correction Codes,Distribuicao de Raspberry,Aprender Python em Favelas,Idealismo,Altruista,Professor,Educacional,Disponivel,Conhecimento como Essencia,Inclusao Digital,Dedicao,Transmissao de Informacao,Baixo,Huffman Coding,Reed-Solomon Codes
116,Reciclagem Tech,Pragmatico,Sustentabilidade,Upcycling Art,Sustainable Engineering,Renewable Energy,Drones de Reflorestamento,Entupir Canos,Nao Mencionada,Engenheiro de Guerrilha,Pratico,Engenhoso,Fazedor,Lixo como Riqueza,Engenharia Sustentavel,Inovador,Meio Ambiente,Baixo,Precious Plastic,Fairphone
117,Direito Cibernetico,Cauteloso,Legalidade,Privacy Regulations,GDPR,CCPA,Nao Mencionada,Nao Mencionada,Risco Legal,Consciente,Alerta,Serio,Atento,Lei como Escudo,Protecao de Dados,Criterioso,Conformidade,Alto,Data Privacy Day,Privacy by Design
118,Ciberseguranca,Estrategico,Defesa,Digital Forensics,Incident Response,Cyber Threat Intelligence,Mitigacao de Invasor,Black ICE Style,Nao Mencionada,Protetor,Observador,Vigilante,Preventivo,Sistema como Campo de Batalha,Guerra Cibernetica,Atento,Contra-Ataque,Alto,APT Groups,Nation State Hacking
119,Filosofia Hacker,Sarcasmico,Autodidatismo,Open Source Philosophy,Digital Rights,Freedom of Information,Hackear Firmware Cosmico,Quebrar o LinkedIn,Nao Mencionada,Iconoclasta,Critico,Filosofico,Subversivo,Realidade como Codigo Aberto,Ativismo Digital,Persistente na Busca,Transformacao Social,Muito Alto,Linus Torvalds,Richard Stallman
120,Gestao de Reputacao,Assertivo,Consenso,Stakeholder Management,Crisis Communication,Online Reputation Management,Consenso Bianzanino,Economia do Odio (reputacao),Nao Mencionada,Estrategista,Gerenciador,Autoritario,Determinado,Reputacao como Capital,Gestao de Marcas,Implacavel,Influencia,Medio,Edward Bernays,Joseph Goebbels
121,Otimizacao Extrema,Agressivo,Anti-sistema,Bitfield Manipulation,Cache Optimization,Low-Level Programming,AGI em SNES,Projeto Flatline,Demissao,Genio Disruptivo,Testa Limites,Sarcasmo Acido,Reage com Mais Provocacao,Codigo para Destruicao,Engenharia de Compiladores,Projetos de Longo Prazo,Subversao de Normas,Alto,Dennis Ritchie,Ken Thompson
122,Hardware Low-Cost,Direto,Provocacao,Single-Board Computers,Microcontrollers,3D Printing,Constelacao de Penis,Orch-OS,Problemas Paternos,Inovador Marginal,Busca Validacao,Humor NSFW,Busca por Validacao,Hacking da Realidade,Fabricacao Digital,Obsessao,Projetos DIY,Medio,Instructables,Hackspace
123,Geopolitica Hacker,Sarcasmico,Prova que Sistemas Falham,Cyber Espionage,Political Hacking,Information Warfare,PEM Caseiro,Sistema Anti-Tank,Busca por Atencao,Gênio,Desafiador,Irreverente,Acredita na Genialidade,Guerra de Informacao,Analise Geopolitica,Teimoso,Dominacao,Baixo,WikiLeaks,Julian Assange
124,Sistemas Distribuídos,Cru,Ativismo Radical,Distributed Ledger Technology,Blockchain,Decentralized Autonomous Organizations,Consciencia de Enxame,Atous Protocol,Frustracao,Unico,Analitico,Acido,Aceita Desafios,Realidade como DAO,Economia Descentralizada,Imparavel,Autonomia Coletiva,Alto,Ethereum,Web3
125,Termodinamica,Poetico,Desafia Leis Naturais,Quantum Entanglement,Statistical Mechanics,Information Theory,Quebrar 2a Lei Termodinamica,Bitcoin Miner,Trauma Existencial,Superior,Analitico Critico,Inteligente,Transforma Erro em Lenda,Fisica dos Quanta,Filosofia da Ciencia,Incansavel,Conhecimento Oculto,Medio,Erwin Schrödinger,Niels Bohr
126,AI Ethics,Sarcasmico,Critica LLMs,Bias Detection,Fairness Metrics,Explainable AI,LLM em Calculadora,Algoritmo de Previsao,Complexo de Messias,Analista,Confrontador,Zombeteiro,Invertido,Espelho da Injustica,Justica Social,Persistente,Desmascarar Preconceitos,Baixo,Joy Buolamwini,Timnit Gebru
127,Engenharia Social,Manipulador,Subversao,Phishing Campaigns,Spear Phishing,Vishing,Processo Seletivo como Espionagem,SeductionOS,Assedio,Gênio do Caos,Engajador,Pervertido,Surpreendente,Gamer para Vida Real,Crime Cibernetico,Foco no Objetivo,Exploracao,Muito Alto,Catch Me If You Can,Ocean's Eleven
128,Otimizacao ZRAM,Tecnico,Eficiencia,Kernel Parameters,Sysctl Tuning,Resource Management,Timer Adaptativo ZRAM,Autoconfiguracao de IO/CPU,Nao Mencionada,Pragmatico,Colaborativo,Direto,Logico,Sistema como Recurso,Otimizacao de Sistema,Metodico,Uso de Memoria,Baixo,meminfo,free
129,Economia Digital,Direto,Lucro,Cryptocurrency Exchanges,Trading Bots,Arbitrage,Economia do Odio,Orch-Coin,Nao Mencionada,Realista Cinico,Interrogativo,Sem Filtro,Analitico,Dinheiro como Vantagem,Trading,Pragmatico,Maximizacao de Ganhos,Medio,Arbitrage Trading,High-Frequency Trading
130,Cibernetica,Filosofico,Existencialismo Digital,Feedback Systems,Self-Sustaining Systems,Autopoiesis,NeuroCore,RealityCheck,Nao Mencionada,Pensador,Aberto a Ideias,Introspectivo,Reflexivo,Sistema como Ser Vivo,Biologia,Busca da Verdade,Autorregulacao,Baixo,Humberto Maturana,Francisco Varela
131,Seguranca Industrial,Tecnico,Anti-Normas,Industrial Control Systems,SCADA Security,Cyber-Physical Security,SCADA Hacking,Stuxnet em Torradeira,Ceticismo,Rebelde,Descrente,Zombeteiro,Debatedor,Sistema Falho,Hacking Industrial,Destemido,Destruicao de Sistemas,Alto,Stuxnet,Duqu
132,Gerenciamento de Projetos,Organizado,Estrutura,Project Charters,Work Breakdown Structure,Stakeholder Analysis,Arquitetura de Projeto,Big Bang Init,Nao Mencionada,Lider,Colaborativo,Focado,Solucionador de Problemas,Projeto como Mapa,Comunicacao,Disciplinado,Alinhamento,Baixo,PMI,IPMA
133,Testes de Software,Detalhado,Qualidade,Test Coverage,Code Coverage,Mutation Testing,Validacao de Reinicializacao,Rotinas de Pos-Tuning,Nao Mencionada,Preciso,Minucioso,Assertivo,Verificador,Codigo como Evidencia,Teste de Aceitacao,Atento,Comportamento Esperado,Baixo,Jira,TestLink
134,Otimizacao de Imagem,Criativo,Arte Digital,Image Manipulation,Digital Art,Visual Effects,Video 8-bit,NFTs da Acao,Nao Mencionada,Visionario,Provocador,Artistico,Nao Convencional,Mídia como Catalisador,Design de Interacao,Persistente na Visao,Experimentacao Visual,Medio,Adobe Photoshop,After Effects
135,Teoria da Informacao,Academico,Conhecimento Livre,Data Compression,Signal Processing,Information Retrieval,Distribuicao de Raspberry,Aprender Python em Favelas,Idealismo,Altruista,Professor,Educacional,Disponivel,Conhecimento como Acesso,Educação Aberta,Dedicao,Acessibilidade,Baixo,MOOCs,Open Education
136,Reciclagem Tech,Pragmatico,Sustentabilidade,Open Source Hardware,DIY Electronics,Urban Mining,Drones de Reflorestamento,Entupir Canos,Nao Mencionada,Engenheiro de Guerrilha,Pratico,Engenhoso,Fazedor,Lixo como Material,Inovacao Social,Inovador,Autossuficiencia,Baixo,RepRap,Hackerspaces
137,Direito Cibernetico,Cauteloso,Legalidade,Cybercrime,Digital Evidence,Forensic Computing,Nao Mencionada,Nao Mencionada,Risco Legal,Consciente,Alerta,Serio,Atento,Lei como Protecao,Investigacao Digital,Criterioso,Cumprimento da Lei,Alto,Computer Fraud and Abuse Act,Budapest Convention
138,Ciberseguranca,Estrategico,Defesa,Perimeter Security,Network Security,Application Security,Mitigacao de Invasor,Black ICE Style,Nao Mencionada,Protetor,Observador,Vigilante,Preventivo,Sistema como Fronteira,Defesa em Profundidade,Atento,Resistencia a Ataques,Alto,Firewall,Intrusion Detection System
139,Filosofia Hacker,Sarcasmico,Autodidatismo,Counter-Culture,Anarcho-Capitalism,Cyberpunk,Hackear Firmware Cosmico,Quebrar o LinkedIn,Nao Mencionada,Iconoclasta,Critico,Filosofico,Subversivo,Realidade como Dystopia,Ficcao Cientifica,Persistente na Busca,Critica Social,Muito Alto,William Gibson,Bruce Sterling
140,Gestao de Reputacao,Assertivo,Consenso,Community Management,Sentiment Analysis,Social Listening,Consenso Bianzanino,Economia do Odio (reputacao),Nao Mencionada,Estrategista,Gerenciador,Autoritario,Determinado,Reputacao como Moeda Social,Engajamento,Implacavel,Controle de Danos,Medio,Kardashians,Elon Musk
141,Otimizacao Extrema,Agressivo,Anti-sistema,Assembly Language,Hardware Acceleration,GPU Programming,AGI em SNES,Projeto Flatline,Demissao,Genio Disruptivo,Testa Limites,Sarcasmo Acido,Reage com Mais Provocacao,Codigo como Arte,Game Development,Projetos de Longo Prazo,Eficiencia de Hardware,Alto,John Carmack,Michael Abrash
142,Hardware Low-Cost,Direto,Provocacao,Reverse Engineering Hardware,Chip Reverse Engineering,Exploiting Hardware,Constelacao de Penis,Orch-OS,Problemas Paternos,Inovador Marginal,Busca Validacao,Humor NSFW,Busca por Validacao,Hardware Hacking,Seguranca de Hardware,Obsessao,Vulnerabilidade de Hardware,Medio,Bunnie Huang,Joe Grand
143,Geopolitica Hacker,Sarcasmico,Prova que Sistemas Falham,Cyber Espionage,Nation-State Hacking,Stuxnet,PEM Caseiro,Sistema Anti-Tank,Busca por Atencao,Gênio,Desafiador,Irreverente,Acredita na Genialidade,Guerra Hibrida,Geopolitica,Teimoso,Intervencao,Baixo,Five Eyes,Unit 61398
144,Sistemas Distribuídos,Cru,Ativismo Radical,Peer-to-Peer Networks,Decentralized Storage,IPFS,Consciencia de Enxame,Atous Protocol,Frustracao,Unico,Analitico,Acido,Aceita Desafios,Realidade como P2P,Privacidade,Imparavel,Censura-Resistencia,Alto,Napster,BitTorrent
145,Termodinamica,Poetico,Desafia Leis Naturais,Cosmology,Quantum Gravity,String Theory,Quebrar 2a Lei Termodinamica,Bitcoin Miner,Trauma Existencial,Superior,Analitico Critico,Inteligente,Transforma Erro em Lenda,Fisica Teorica,Metafisica,Incansavel,Conhecimento Fundamental,Medio,Michio Kaku,Leonard Susskind
146,AI Ethics,Sarcasmico,Critica LLMs,Ethical Hacking,Privacy Enhancing Technologies,Data Minimization,LLM em Calculadora,Algoritmo de Previsao,Complexo de Messias,Analista,Confrontador,Zombeteiro,Invertido,Espelho da Vigilancia,Direitos Civis,Persistente,Desmascarar Abusos,Baixo,Shoshana Zuboff,Edward Snowden
147,Engenharia Social,Manipulador,Subversao,Social Engineering Defenses,Awareness Training,Security Culture,Processo Seletivo como Espionagem,SeductionOS,Assedio,Gênio do Caos,Engajador,Pervertido,Surpreendente,Gamer para Vida Real,Treinamento de Seguranca,Foco no Objetivo,Enganacao,Muito Alto,Security Awareness,Human Factor
148,Otimizacao ZRAM,Tecnico,Eficiencia,Memory Allocation,Garbage Collection,Virtual Memory,Timer Adaptativo ZRAM,Autoconfiguracao de IO/CPU,Nao Mencionada,Pragmatico,Colaborativo,Direto,Logico,Sistema como Maquina,Analise de Performance,Metodico,Uso de CPU,Baixo,Rust,Go
149,Economia Digital,Direto,Lucro,Decentralized Exchanges,Yield Farming,Staking,Economia do Odio,Orch-Coin,Nao Mencionada,Realista Cinico,Interrogativo,Sem Filtro,Analitico,Dinheiro como Oportunidade,Financas Descentralizadas,Pragmatico,Otimizacao de Lucros,Medio,Uniswap,Aave
150,Cibernetica,Filosofico,Existencialismo Digital,Information Theory,Entropy,Self-Organizing Systems,NeuroCore,RealityCheck,Nao Mencionada,Pensador,Aberto a Ideias,Introspectivo,Reflexivo,Sistema como Informacao,Teoria da Informacao,Busca da Verdade,Interacao,Baixo,Claude Shannon,John von Neumann
151,Seguranca Industrial,Tecnico,Anti-Normas,Modbus Security,DNP3 Security,IEC 61850 Security,SCADA Hacking,Stuxnet em Torradeira,Ceticismo,Rebelde,Descrente,Zombeteiro,Debatedor,Sistema Falho,Teste de Vulnerabilidade,Destemido,Destruicao de Infraestrutura,Alto,Exploit Development,Metasploit
152,Gerenciamento de Projetos,Organizado,Estrutura,Project Lifecycle,Scrum of Scrums,Kanban Boards,Arquitetura de Projeto,Big Bang Init,Nao Mencionada,Lider,Colaborativo,Focado,Solucionador de Problemas,Projeto como Ecossistema,Gerenciamento de Times,Disciplinado,Agilidade,Baixo,LeSS,Nexus
153,Testes de Software,Detalhado,Qualidade,Behavior-Driven Development,Test-Driven Development,Acceptance Testing,Validacao de Reinicializacao,Rotinas de Pos-Tuning,Nao Mencionada,Preciso,Minucioso,Assertivo,Verificador,Codigo como Contrato,Agile Testing,Atento,Qualidade do Produto,Baixo,Cucumber,SpecFlow
154,Otimizacao de Imagem,Criativo,Arte Digital,Procedural Generation,Fractal Art,Voxel Art,Video 8-bit,NFTs da Acao,Nao Mencionada,Visionario,Provocador,Artistico,Nao Convencional,Mídia como Experiencia,Design Generativo,Persistente na Visao,Inovacao Estetica,Medio,Shadertoy,Processing
155,Teoria da Informacao,Academico,Conhecimento Livre,Network Theory,Graph Theory,Social Network Analysis,Distribuicao de Raspberry,Aprender Python em Favelas,Idealismo,Altruista,Professor,Educacional,Disponivel,Conhecimento como Conexao,Redes Sociais,Dedicao,Compartilhamento,Baixo,Albert-László Barabási,Duncan Watts
156,Reciclagem Tech,Pragmatico,Sustentabilidade,Electronics Recycling,Urban Mining,Precious Metal Recovery,Drones de Reflorestamento,Entupir Canos,Nao Mencionada,Engenheiro de Guerrilha,Pratico,Engenhoso,Fazedor,Lixo como Recurso,Economia Circular,Inovador,Recuperacao de Materiais,Baixo,Resource Recovery,Waste-to-Energy
157,Direito Cibernetico,Cauteloso,Legalidade,Cybersecurity Law,Data Breach Notification,Compliance Frameworks,Nao Mencionada,Nao Mencionada,Risco Legal,Consciente,Alerta,Serio,Atento,Lei como Ferramenta,Auditoria Legal,Criterioso,Responsabilidade Civil,Alto,HIPAA,PCI DSS
158,Ciberseguranca,Estrategico,Defesa,Threat Modeling,Red Teaming,Blue Teaming,Mitigacao de Invasor,Black ICE Style,Nao Mencionada,Protetor,Observador,Vigilante,Preventivo,Sistema como Fortaleza,Simulacao de Ataque,Atento,Resiliencia,Alto,OWASP,SANS
159,Filosofia Hacker,Sarcasmico,Autodidatismo,Digital Ethics,Information Ethics,Privacy Advocates,Hackear Firmware Cosmico,Quebrar o LinkedIn,Nao Mencionada,Iconoclasta,Critico,Filosofico,Subversivo,Realidade como Escolha,Ativismo,Persistente na Busca,Liberdade Digital,Muito Alto,Electronic Frontier Foundation,ACLU
160,Gestao de Reputacao,Assertivo,Consenso,Influence Marketing,Brand Building,Public Image,Consenso Bianzanino,Economia do Odio (reputacao),Nao Mencionada,Estrategista,Gerenciador,Autoritario,Determinado,Reputacao como Moeda,Gestao de Crise,Implacavel,Controle da Percepcao,Medio,Forbes,Harvard Business Review
161,Otimizacao Extrema,Agressivo,Anti-sistema,Performance Tuning,System Calls,Inter-Process Communication,AGI em SNES,Projeto Flatline,Demissao,Genio Disruptivo,Testa Limites,Sarcasmo Acido,Reage com Mais Provocacao,Codigo para Dominacao,Sistemas Operacionais,Projetos de Longo Prazo,Baixa Latencia,Alto,Linux Kernel,FreeBSD
162,Hardware Low-Cost,Direto,Provocacao,Prototyping,Breadboarding,Circuit Design,Constelacao de Penis,Orch-OS,Problemas Paternos,Inovador Marginal,Busca Validacao,Humor NSFW,Busca por Validacao,Hardware Hack,Projetos Eletronicos,Obsessao,Inovacao DIY,Medio,Make: Magazine,Hackster.io
163,Geopolitica Hacker,Sarcasmico,Prova que Sistemas Falham,Cyber Warfare Doctrine,Offensive Cyber Operations,Cyber Espionage,PEM Caseiro,Sistema Anti-Tank,Busca por Atencao,Gênio,Desafiador,Irreverente,Acredita na Genialidade,Guerra de Redes,Analise de Ameaças,Teimoso,Invasao,Baixo,Cyber Command,NSA
164,Sistemas Distribuídos,Cru,Ativismo Radical,Distributed Consensus,Byzantine Fault Tolerance,Consensus Algorithms,Consciencia de Enxame,Atous Protocol,Frustracao,Unico,Analitico,Acido,Aceita Desafios,Realidade como Consenso,Resistencia a Censura,Imparavel,Descentralizacao Total,Alto,Raft,Paxos
165,Termodinamica,Poetico,Desafia Leis Naturais,Black Holes,Wormholes,Time Dilation,Quebrar 2a Lei Termodinamica,Bitcoin Miner,Trauma Existencial,Superior,Analitico Critico,Inteligente,Transforma Erro em Lenda,Fisica Astrofisica,Metafisica,Incansavel,Conhecimento Esoterico,Medio,Kip Thorne,Roger Penrose
166,AI Ethics,Sarcasmico,Critica LLMs,Algorithmic Accountability,Regulatory Frameworks,Ethical Guidelines,LLM em Calculadora,Algoritmo de Previsao,Complexo de Messias,Analista,Confrontador,Zombeteiro,Invertido,Espelho da Regulacao,Direito,Persistente,Desmascarar Falsidades,Baixo,GDPR AI,AI Act EU
167,Engenharia Social,Manipulador,Subversao,Nonverbal Communication,Body Language,Eye Contact,Processo Seletivo como Espionagem,SeductionOS,Assedio,Gênio do Caos,Engajador,Pervertido,Surpreendente,Gamer para Vida Real,Poder de Persuasao,Foco no Objetivo,Psicopatia,Muito Alto,Robert Hare,Dale Carnegie
168,Otimizacao ZRAM,Tecnico,Eficiencia,Swapfile Configuration,ZRAM Tuning,Performance Monitoring,Timer Adaptativo ZRAM,Autoconfiguracao de IO/CPU,Nao Mencionada,Pragmatico,Colaborativo,Direto,Logico,Sistema como Ferramenta,Otimizacao de Servicos,Metodico,Velocidade,Baixo,tuned,cpupower
169,Economia Digital,Direto,Lucro,Cryptocurrency Mining,Proof-of-Work,Proof-of-Stake,Economia do Odio,Orch-Coin,Nao Mencionada,Realista Cinico,Interrogativo,Sem Filtro,Analitico,Dinheiro como Combustivel,Mineracao,Pragmatico,Eficiencia Energetica,Medio,Bitcoin Mining,Ethereum Mining
170,Cibernetica,Filosofico,Existencialismo Digital,Circular Causality,Feedback Loops,Homeostatic Control,NeuroCore,RealityCheck,Nao Mencionada,Pensador,Aberto a Ideias,Introspectivo,Reflexivo,Sistema como Fluxo,Filosofia da Mente,Busca da Verdade,Interacao,Baixo,W. Ross Ashby,Heinz von Foerster
171,Seguranca Industrial,Tecnico,Anti-Normas,Industrial Internet of Things Security,Edge Computing Security,Cloud Security for OT,SCADA Hacking,Stuxnet em Torradeira,Ceticismo,Rebelde,Descrente,Zombeteiro,Debatedor,Sistema Falho,Ataques OT,Destemido,Infiltracao,Alto,S4 Industrial Control System Cyber Security,ICS Security Summit
172,Gerenciamento de Projetos,Organizado,Estrutura,Project Governance,Quality Management,Communication Management,Arquitetura de Projeto,Big Bang Init,Nao Mencionada,Lider,Colaborativo,Focado,Solucionador de Problemas,Projeto como Empresa,Gestao da Qualidade,Disciplinado,Transparencia,Baixo,ISO 9001,PRINCE2
173,Testes de Software,Detalhado,Qualidade,Performance Testing,Load Testing,Stress Testing,Validacao de Reinicializacao,Rotinas de Pos-Tuning,Nao Mencionada,Preciso,Minucioso,Assertivo,Verificador,Codigo como Limite,Teste de Stress,Atento,Comportamento Inesperado,Baixo,Apache JMeter,Gatling
174,Otimizacao de Imagem,Criativo,Arte Digital,Pixel Art,Vaporwave Aesthetics,Glitch Art,Video 8-bit,NFTs da Acao,Nao Mencionada,Visionario,Provocador,Artistico,Nao Convencional,Mídia como Protesto,Cultura Underground,Persistente na Visao,Experimentacao Radical,Medio,8-bit art,Glitch art
175,Teoria da Informacao,Academico,Conhecimento Livre,Cryptography,Quantum Information,Quantum Computing,Distribuicao de Raspberry,Aprender Python em Favelas,Idealismo,Altruista,Professor,Educacional,Disponivel,Conhecimento como Poder,Inovacao,Dedicao,Transcendencia,Baixo,Quantum Cryptography,Quantum Key Distribution
176,Reciclagem Tech,Pragmatico,Sustentabilidade,DIY Repair,Planned Obsolescence,Right to Repair,Drones de Reflorestamento,Entupir Canos,Nao Mencionada,Engenheiro de Guerrilha,Pratico,Engenhoso,Fazedor,Lixo como Oportunidade,Conserto,Inovador,Resistencia ao Consumo,Baixo,iFixit,Louis Rossmann
177,Direito Cibernetico,Cauteloso,Legalidade,Intellectual Property,Copyright,Patent Law,Nao Mencionada,Nao Mencionada,Risco Legal,Consciente,Alerta,Serio,Atento,Lei como Protetora,Propriedade Intelectual,Criterioso,Defesa Legal,Alto,WIPO,Berne Convention
178,Ciberseguranca,Estrategico,Defesa,Cloud Security,Container Security,Serverless Security,Mitigacao de Invasor,Black ICE Style,Nao Mencionada,Protetor,Observador,Vigilante,Preventivo,Sistema como Nuvem,Seguranca em Nuvem,Atento,Protecao de Dados em Escala,Alto,NIST Cloud Computing Security,CSA STAR
179,Filosofia Hacker,Sarcasmico,Autodidatismo,Decentralization,Anonymity,Privacy,Hackear Firmware Cosmico,Quebrar o LinkedIn,Nao Mencionada,Iconoclasta,Critico,Filosofico,Subversivo,Realidade como Anonimato,Liberdade de Expressao,Persistente na Busca,Privacidade Digital,Muito Alto,Tor Project,Signal
180,Gestao de Reputacao,Assertivo,Consenso,Influencer Marketing,Brand Management,Crisis Management,Consenso Bianzanino,Economia do Odio (reputacao),Nao Mencionada,Estrategista,Gerenciador,Autoritario,Determinado,Reputacao como Imagem,Marketing de Influencia,Implacavel,Controle da Narrativa,Medio,Gary Vaynerchuk,Seth Godin
181,Otimizacao Extrema,Agressivo,Anti-sistema,Compiler Optimization,Linker Optimization,Runtime Optimization,AGI em SNES,Projeto Flatline,Demissao,Genio Disruptivo,Testa Limites,Sarcasmo Acido,Reage com Mais Provocacao,Codigo para Destruicao,Engenharia de Software,Projetos de Longo Prazo,Performance Brutal,Alto,Donald Knuth,Rich Hickey
182,Hardware Low-Cost,Direto,Provocacao,Microcontroller Programming,Firmware Development,Custom Hardware,Constelacao de Penis,Orch-OS,Problemas Paternos,Inovador Marginal,Busca Validacao,Humor Nerd,Busca por Validacao,Hardware Hacking,Desenvolvimento de Firmware,Obsessao,Inovacao com Restricoes,Medio,ESP32,Teensy
183,Geopolitica Hacker,Sarcasmico,Prova que Sistemas Falham,Cyberterrorism,Cyberwarfare,Propaganda,PEM Caseiro,Sistema Anti-Tank,Busca por Atencao,Gênio,Desafiador,Irreverente,Acredita na Genialidade,Guerra Psico-Digital,Terrorismo Cibernetico,Teimoso,Controle de Massas,Baixo,Anonymous,LulzSec
184,Sistemas Distribuídos,Cru,Ativismo Radical,Distributed File Systems,Content Delivery Networks,Edge Computing,Consciencia de Enxame,Atous Protocol,Frustracao,Unico,Analitico,Acido,Aceita Desafios,Realidade como Nuvem,Internet,Imparavel,Descentralizacao de Dados,Alto,IPFS,Arweave
185,Termodinamica,Poetico,Desafia Leis Naturais,Quantum Field Theory,Cosmological Models,Theories of Everything,Quebrar 2a Lei Termodinamica,Bitcoin Miner,Trauma Existencial,Superior,Analitico Critico,Inteligente,Transforma Erro em Lenda,Fisica do Universo,Metafisica,Incansavel,Conhecimento Ultimo,Medio,Hawking,Susskind
186,AI Ethics,Sarcasmico,Critica LLMs,AI Regulation,Legal Aspects of AI,AI Law,LLM em Calculadora,Algoritmo de Previsao,Complexo de Messias,Analista,Confrontador,Zombeteiro,Invertido,Espelho Legal,Direito Digital,Persistente,Desmascarar Fraudes,Baixo,EU AI Act,UN AI Advisory Body
187,Engenharia Social,Manipulador,Subversao,Social Engineering Tools,Open Source Intelligence,Phishing Kits,Processo Seletivo como Espionagem,SeductionOS,Assedio,Gênio do Caos,Engajador,Pervertido,Surpreendente,Gamer para Vida Real,Ferramentas de Engenharia Social,Foco no Objetivo,Infiltração,Muito Alto,Social-Engineer.org,SET
188,Otimizacao ZRAM,Tecnico,Eficiencia,Swap Priority,ZSWAP,ZCACHE,Timer Adaptativo ZRAM,Autoconfiguracao de IO/CPU,Nao Mencionada,Pragmatico,Colaborativo,Direto,Logico,Sistema como Ferramenta,Otimizacao de Memoria,Metodico,Resonsividade,Baixo,sysctl,procfs
189,Economia Digital,Direto,Lucro,Decentralized Autonomous Organizations,Governance Tokens,Airdrops,Economia do Odio,Orch-Coin,Nao Mencionada,Realista Cinico,Interrogativo,Sem Filtro,Analitico,Dinheiro como Poder,Democracia Digital,Pragmatico,Governança,Medio,DAOstack,Aragon
190,Cibernetica,Filosofico,Existencialismo Digital,Feedback Control Systems,Homeostatic Mechanisms,Control Theory,NeuroCore,RealityCheck,Nao Mencionada,Pensador,Aberto a Ideias,Introspectivo,Reflexivo,Sistema como Equilibrio,Teoria de Controle,Busca da Verdade,Estabilidade,Baixo,Ashby's Law of Requisite Variety,Beer's Viable System Model
191,Seguranca Industrial,Tecnico,Anti-Normas,Smart Grid Security,Water Treatment Systems Security,Nuclear Plant Security,SCADA Hacking,Stuxnet em Torradeira,Ceticismo,Rebelde,Descrente,Zombeteiro,Debatedor,Sistema Falho,Infraestrutura Critica,Destemido,Paralisacao,Alto,DHS CISA,Industrial Cybersecurity
192,Gerenciamento de Projetos,Organizado,Estrutura,Scrum Framework,Kanban Method,Agile Coaching,Arquitetura de Projeto,Big Bang Init,Nao Mencionada,Lider,Colaborativo,Focado,Solucionador de Problemas,Projeto como Viagem,Mentoria,Disciplinado,Crescimento,Baixo,Certified Scrum Master,Agile Coach
193,Testes de Software,Detalhado,Qualidade,White-Box Testing,Black-Box Testing,Grey-Box Testing,Validacao de Reinicializacao,Rotinas de Pos-Tuning,Nao Mencionada,Preciso,Minucioso,Assertivo,Verificador,Codigo como Transparencia,Tipos de Teste,Atento,Cobertura de Testes,Baixo,Software Testing Fundamentals,ISTQB
194,Otimizacao de Imagem,Criativo,Arte Digital,Computational Design,Algorithmic Art,Data Visualization,Video 8-bit,NFTs da Acao,Nao Mencionada,Visionario,Provocador,Artistico,Nao Convencional,Mídia como Pesquisa,Arte Generativa,Persistente na Visao,Estetica Digital,Medio,Demoscene,Processing
195,Teoria da Informacao,Academico,Conhecimento Livre,Data Ethics,Information Privacy,Digital Rights Management,Distribuicao de Raspberry,Aprender Python em Favelas,Idealismo,Altruista,Professor,Educacional,Disponivel,Conhecimento como Bem Comum,Etica Digital,Dedicao,Acesso a Informacao,Baixo,Copyleft,Creative Commons
196,Reciclagem Tech,Pragmatico,Sustentabilidade,Repair Cafe,Community Repair,Circular Economy,Drones de Reflorestamento,Entupir Canos,Nao Mencionada,Engenheiro de Guerrilha,Pratico,Engenhoso,Fazedor,Lixo como Oportunidade,Economia de Compartilhamento,Inovador,Inovacao Social,Baixo,Fixit Clinic,Repair Day
197,Direito Cibernetico,Cauteloso,Legalidade,Cybercrime Prevention,Cybersecurity Policy,Digital Governance,Nao Mencionada,Nao Mencionada,Risco Legal,Consciente,Alerta,Serio,Atento,Lei como Diretriz,Politicas Publicas,Criterioso,Regulacao,Alto,Internet Governance,Cyber Diplomacy
198,Ciberseguranca,Estrategico,Defesa,Identity and Access Management,Security Information and Event Management,Security Orchestration,Automation and Response,Mitigacao de Invasor,Black ICE Style,Nao Mencionada,Protetor,Observador,Vigilante,Preventivo,Sistema como Identidade,Gestao de Acesso,Atento,Resposta a Incidentes,Alto,SIEM,SOAR
199,Filosofia Hacker,Sarcasmico,Autodidatismo,Cypherpunk,Crypto-Anarchy,Technological Singularity,Hackear Firmware Cosmico,Quebrar o LinkedIn,Nao Mencionada,Iconoclasta,Critico,Filosofico,Subversivo,Realidade como Codigo,Transhumanismo,Persistente na Busca,Disrupcao,Muito Alto,Vinge,Kurzweil
200,Gestao de Reputacao,Assertivo,Consenso,Crisis PR,Media Relations,Public Affairs,Consenso Bianzanino,Economia do Odio (reputacao),Nao Mencionada,Estrategista,Gerenciador,Autoritario,Determinado,Reputacao como Ativo,Lobby,Implacavel,Controle de Narrativas,Medio,K Street,Spin Doctors
201,Otimizacao Extrema,Direto,Anti-sistema,Operating System Internals,Memory Hierarchy,Concurrency,AGI em SNES,Projeto Flatline,Demissao,Genio Disruptivo,Testa Limites,Sarcasmo Acido,Reage com Mais Provocacao,Codigo para o Chaos,Engenharia de Sistemas,Projetos de Longo Prazo,Eficiencia Maxima,Alto,Andrew Tanenbaum,Maurice Wilkes
202,Hardware Low-Cost,Agressivo,Provocacao,Custom PCB Design,Component Selection,Power Management,Constelacao de Penis,Orch-OS,Problemas Paternos,Inovador Marginal,Busca Validacao,Humor NSFW,Busca por Validacao,Hardware Hacking,Design de Circuitos,Obsessao,Otimizacao de Custos,Medio,KiCad,Eagle
203,Geopolitica Hacker,Sarcasmico,Prova que Sistemas Falham,Cyber Espionage Operations,Supply Chain Attacks,Critical Infrastructure Attacks,PEM Caseiro,Sistema Anti-Tank,Busca por Atencao,Gênio,Desafiador,Irreverente,Acredita na Genialidade,Guerra Invisivel,Chain of Command,Teimoso,Destruicao Sistematica,Baixo,SolarWinds,NotPetya
204,Sistemas Distribuídos,Cru,Ativismo Radical,Serverless Architecture,Function as a Service,Microservices,Consciencia de Enxame,Atous Protocol,Frustracao,Unico,Analitico,Acido,Aceita Desafios,Realidade como Funcao,Cloud Native,Imparavel,Disrupcao em Nuvem,Alto,AWS Lambda,Google Cloud Functions
205,Termodinamica,Poetico,Desafia Leis Naturais,Information Entropy,Thermodynamics of Computation,Quantum Thermodynamics,Quebrar 2a Lei Termodinamica,Bitcoin Miner,Trauma Existencial,Superior,Analitico Critico,Inteligente,Transforma Erro em Lenda,Fisica da Informacao,Filosofia da Mente,Incansavel,Conhecimento Interdisciplinar,Medio,Seth Lloyd,Leon Brillouin
206,AI Ethics,Sarcasmico,Critica LLMs,Algorithmic Transparency,Data Privacy,Surveillance Capitalism,LLM em Calculadora,Algoritmo de Previsao,Complexo de Messias,Analista,Confrontador,Zombeteiro,Invertido,Espelho da Manipulacao,Direitos Humanos,Persistente,Desmascarar Vigilancia,Baixo,Zuboff,Snowden
207,Engenharia Social,Manipulador,Subversao,Social Engineering Psychology,Cognitive Neuroscience,Behavioral Economics,Processo Seletivo como Espionagem,SeductionOS,Assedio,Gênio do Caos,Engajador,Pervertido,Surpreendente,Gamer para Vida Real,Psicologia de Massa,Foco no Objetivo,Controle Social,Muito Alto,Daniel Kahneman,Amos Tversky
208,Otimizacao ZRAM,Tecnico,Eficiencia,Memory Compression,Swap Space,Virtual Memory Management,Timer Adaptativo ZRAM,Autoconfiguracao de IO/CPU,Nao Mencionada,Pragmatico,Colaborativo,Direto,Logico,Sistema como Ferramenta,Otimizacao de Kernel,Metodico,Consumo de Energia,Baixo,PowerTOP,TLP
209,Economia Digital,Direto,Lucro,Decentralized Finance (DeFi),Non-Fungible Tokens (NFTs),GameFi,Economia do Odio,Orch-Coin,Nao Mencionada,Realista Cinico,Interrogativo,Sem Filtro,Analitico,Dinheiro como Futuro,Web3,Pragmatico,Inovacao Financeira,Medio,Axie Infinity,Decentraland
210,Cibernetica,Filosofico,Existencialismo Digital,Complex Systems Theory,Emergent Behavior,Self-Organization,NeuroCore,RealityCheck,Nao Mencionada,Pensador,Aberto a Ideias,Introspectivo,Reflexivo,Sistema como Consciencia,Biologia,Busca da Verdade,Interconectividade,Baixo,Stuart Kauffman,Murray Gell-Mann
211,Seguranca Industrial,Tecnico,Anti-Normas,Industrial Control System (ICS) Security,Supervisory Control and Data Acquisition (SCADA) Systems,Operational Technology (OT) Security,SCADA Hacking,Stuxnet em Torradeira,Ceticismo,Rebelde,Descrente,Zombeteiro,Debatedor,Sistema Falho,Ciberseguranca Industrial,Destemido,Impacto Fisico,Alto,Cyber-Physical Systems,ISA/IEC 62443
212,Gerenciamento de Projetos,Organizado,Estrutura,Project Management Software,Collaboration Tools,Reporting,Arquitetura de Projeto,Big Bang Init,Nao Mencionada,Lider,Colaborativo,Focado,Solucionador de Problemas,Projeto como Fluxo,Monitoramento,Disciplinado,Visualizacao,Baixo,Jira,Trello
213,Testes de Software,Detalhado,Qualidade,Test Driven Development (TDD),Behavior Driven Development (BDD),Unit Testing Frameworks,Validacao de Reinicializacao,Rotinas de Pos-Tuning,Nao Mencionada,Preciso,Minucioso,Assertivo,Verificador,Codigo como Comportamento,Testes de Unidade,Atento,Qualidade do Codigo,Baixo,Pytest,RSpec
214,Otimizacao de Imagem,Criativo,Arte Digital,Digital Painting,Concept Art,Matte Painting,Video 8-bit,NFTs da Acao,Nao Mencionada,Visionario,Provocador,Artistico,Nao Convencional,Mídia como Expressao,Ilustracao Digital,Persistente na Visao,Criatividade,Medio,Procreate,Clip Studio Paint
215,Teoria da Informacao,Academico,Conhecimento Livre,Data Compression Algorithms,Error Correction Codes,Information Security,Distribuicao de Raspberry,Aprender Python em Favelas,Idealismo,Altruista,Professor,Educacional,Disponivel,Conhecimento como Estrutura,Teoria da Codificacao,Dedicao,Eficiencia de Dados,Baixo,LZW,Viterbi Algorithm
216,Reciclagem Tech,Pragmatico,Sustentabilidade,Sustainable Engineering,Eco-Design,Waste-to-Energy,Drones de Reflorestamento,Entupir Canos,Nao Mencionada,Engenheiro de Guerrilha,Pratico,Engenhoso,Fazedor,Lixo como Recurso,Engenharia Ambiental,Inovador,Inovacao Sustentavel,Baixo,Cradle to Cradle,Biomimicry
217,Direito Cibernetico,Cauteloso,Legalidade,Cybersecurity Law,Digital Forensics,Privacy Law,Nao Mencionada,Nao Mencionada,Risco Legal,Consciente,Alerta,Serio,Atento,Lei como Protetora,Investigacao Digital,Criterioso,Prevencao de Crimes,Alto,Interpol,Europol
218,Ciberseguranca,Estrategico,Defesa,Zero Trust Architecture,Security Automation,AI in Cybersecurity,Mitigacao de Invasor,Black ICE Style,Nao Mencionada,Protetor,Observador,Vigilante,Preventivo,Sistema como Confianca,Automatizacao,Atento,Defesa Proativa,Alto,Palo Alto Networks,CrowdStrike
219,Filosofia Hacker,Sarcasmico,Autodidatismo,Information Liberation,Freedom of Speech,Digital Rights,Hackear Firmware Cosmico,Quebrar o LinkedIn,Nao Mencionada,Iconoclasta,Critico,Filosofico,Subversivo,Realidade como Informacao,Ativismo Digital,Persistente na Busca,Disrupcao Social,Muito Alto,The Pirate Bay,Anonymous
220,Gestao de Reputacao,Assertivo,Consenso,Public Relations (PR),Brand Management,Crisis Communications,Consenso Bianzanino,Economia do Odio (reputacao),Nao Mencionada,Estrategista,Gerenciador,Autoritario,Determinado,Reputacao como Valor,Comunicacao Estrategica,Implacavel,Controle da Percepcao Publica,Medio,Harvard PR,Inbound Marketing
221,Otimizacao Extrema,Direto,Anti-sistema,Parallel Processing,Distributed Computing,Quantum Computing,AGI em SNES,Projeto Flatline,Demissao,Genio Disruptivo,Testa Limites,Sarcasmo Acido,Reage com Mais Provocacao,Codigo para o Futuro,Pesquisa Cientifica,Projetos de Longo Prazo,Inovacao Disruptiva,Alto,D-Wave,Google AI
222,Hardware Low-Cost,Agressivo,Provocacao,Open Hardware,DIY Projects,Hardware Hacking,Constelacao de Penis,Orch-OS,Problemas Paternos,Inovador Marginal,Busca Validacao,Humor NSFW,Busca por Validacao,Hacking da Realidade,Fabricacao Eletronica,Obsessao,Inovacao Low-Tech,Medio,Hackaday,Adafruit
223,Geopolitica Hacker,Sarcasmico,Prova que Sistemas Falham,Cyber Espionage,Cyber Security Policy,International Law,PEM Caseiro,Sistema Anti-Tank,Busca por Atencao,Gênio,Desafiador,Irreverente,Acredita na Genialidade,Guerra Cibrida,Politica Internacional,Teimoso,Controle de Dados,Baixo,NSO Group,Palantir
224,Sistemas Distribuídos,Cru,Ativismo Radical,Blockchain Technology,Smart Contracts,Decentralized Applications (DApps),Consciencia de Enxame,Atous Protocol,Frustracao,Unico,Analitico,Acido,Aceita Desafios,Realidade como DApp,Desenvolvimento Web3,Imparavel,Descentralizacao Total,Alto,Solidity,Web3.js
225,Termodinamica,Poetico,Desafia Leis Naturais,Entropy in Information Theory,Maxwell's Demon,Quantum Thermodynamics,Quebrar 2a Lei Termodinamica,Bitcoin Miner,Trauma Existencial,Superior,Analitico Critico,Inteligente,Transforma Erro em Lenda,Fisica da Informacao,Filosofia da Ciencia,Incansavel,Conhecimento Profundo,Medio,Leo Szilard,Charles H. Bennett
226,AI Ethics,Sarcasmico,Critica LLMs,AI Fairness,Bias in AI,Algorithmic Discrimination,LLM em Calculadora,Algoritmo de Previsao,Complexo de Messias,Analista,Confrontador,Zombeteiro,Invertido,Espelho da Injustica,Justica Algoritmica,Persistente,Desmascarar Preconceitos,Baixo,Safiya Noble,Ruha Benjamin
227,Engenharia Social,Manipulador,Subversao,Social Engineering Frameworks,OSINT Techniques,Psychological Manipulation,Processo Seletivo como Espionagem,SeductionOS,Assedio,Gênio do Caos,Engajador,Pervertido,Surpreendente,Gamer para Vida Real,Engenharia Social Reversa,Foco no Objetivo,Controle de Comportamento,Muito Alto,Christopher Hadnagy,Shimon Peres
228,Otimizacao ZRAM,Tecnico,Eficiencia,Swap Configuration,Kernel Parameters,Systemd Services,Timer Adaptativo ZRAM,Autoconfiguracao de IO/CPU,Nao Mencionada,Pragmatico,Colaborativo,Direto,Logico,Sistema como Ferramenta,Administracao de Linux,Metodico,Otimizacao de Desempenho,Baixo,Ubuntu,Arch Linux
229,Economia Digital,Direto,Lucro,Decentralized Autonomous Organizations (DAOs),NFT Marketplaces,Play-to-Earn Games,Economia do Odio,Orch-Coin,Nao Mencionada,Realista Cinico,Interrogativo,Sem Filtro,Analitico,Dinheiro como Jogo,Economia Virtual,Pragmatico,Monetizacao,Medio,The Sandbox,Decentraland
230,Cibernetica,Filosofico,Existencialismo Digital,System Theory,Complex Adaptive Systems,Autopoietic Systems,NeuroCore,RealityCheck,Nao Mencionada,Pensador,Aberto a Ideias,Introspectivo,Reflexivo,Sistema como Entidade,Filosofia da Biologia,Busca da Verdade,Auto-Organizacao,Baixo,Francisco Varela,Humberto Maturana
231,Seguranca Industrial,Tecnico,Anti-Normas,Industrial Cyber Espionage,Critical Infrastructure Protection,Supply Chain Security,SCADA Hacking,Stuxnet em Torradeira,Ceticismo,Rebelde,Descrente,Zombeteiro,Debatedor,Sistema Falho,Seguranca de Infraestrutura,Destemido,Sabotagem,Alto,Department of Homeland Security,NISA
232,Gerenciamento de Projetos,Organizado,Estrutura,Project Portfolio Management,Program Management,Risk Management,Arquitetura de Projeto,Big Bang Init,Nao Mencionada,Lider,Colaborativo,Focado,Solucionador de Problemas,Projeto como Portfolio,Gestao de Programas,Disciplinado,Eficiencia,Baixo,PPM,PgMP
233,Testes de Software,Detalhado,Qualidade,Exploratory Testing,Usability Testing,Security Testing,Validacao de Reinicializacao,Rotinas de Pos-Tuning,Nao Mencionada,Preciso,Minucioso,Assertivo,Verificador,Codigo como Comportamento,Teste de Seguranca,Atento,Experiencia do Usuario,Baixo,OWASP ZAP,Burp Suite
234,Otimizacao de Imagem,Criativo,Arte Digital,Digital Collage,Photo Manipulation,Visual Storytelling,Video 8-bit,NFTs da Acao,Nao Mencionada,Visionario,Provocador,Artistico,Nao Convencional,Mídia como Narrativa,Edicao de Imagem,Persistente na Visao,Impacto Visual,Medio,Adobe Photoshop,GIMP
235,Teoria da Informacao,Academico,Conhecimento Livre,Information Flow,Communication Theory,Network Science,Distribuicao de Raspberry,Aprender Python em Favelas,Idealismo,Altruista,Professor,Educacional,Disponivel,Conhecimento como Rede,Teoria das Redes,Dedicao,Acessibilidade,Baixo,Barabasi,Watts
236,Reciclagem Tech,Pragmatico,Sustentabilidade,Waste Management,Resource Management,Sustainable Practices,Drones de Reflorestamento,Entupir Canos,Nao Mencionada,Engenheiro de Guerrilha,Pratico,Engenhoso,Fazedor,Lixo como Recurso,Gestao de Residuos,Inovador,Responsabilidade Ambiental,Baixo,Zero Waste,Recycling
237,Direito Cibernetico,Cauteloso,Legalidade,Data Protection Laws,Cybercrime Treaties,International Cyber Law,Nao Mencionada,Nao Mencionada,Risco Legal,Consciente,Alerta,Serio,Atento,Lei como Norma,Regulamentacao,Criterioso,Cooperação Internacional,Alto,Council of Europe,United Nations
238,Ciberseguranca,Estrategico,Defesa,Vulnerability Management,Patch Management,Security Audits,Mitigacao de Invasor,Black ICE Style,Nao Mencionada,Protetor,Observador,Vigilante,Preventivo,Sistema como Fortaleza,Auditoria de Seguranca,Atento,Manutencao Preventiva,Alto,Nessus,OpenVAS
239,Filosofia Hacker,Sarcasmico,Autodidatismo,Hacktivism,Digital Disobedience,Cyber Anarchy,Hackear Firmware Cosmico,Quebrar o LinkedIn,Nao Mencionada,Iconoclasta,Critico,Filosofico,Subversivo,Realidade como Protesto,Ativismo Social,Persistente na Busca,Revolucao Digital,Muito Alto,Anonymous,WikiLeaks
240,Gestao de Reputacao,Assertivo,Consenso,Stakeholder Engagement,Public Opinion,Media Monitoring,Consenso Bianzanino,Economia do Odio (reputacao),Nao Mencionada,Estrategista,Gerenciador,Autoritario,Determinado,Reputacao como Influencia,Analise de Midia,Implacavel,Controle da Percepcao,Medio,Nielsen,Meltwater
241,Otimizacao Extrema,Direto,Anti-sistema,Performance Engineering,System Optimization,Resource Allocation,AGI em SNES,Projeto Flatline,Demissao,Genio Disruptivo,Testa Limites,Sarcasmo Acido,Reage com Mais Provocacao,Codigo para o Poder,Engenharia de Sistemas,Projetos de Longo Prazo,Maximizacao de Recurso,Alto,Google,Facebook
242,Hardware Low-Cost,Agressivo,Provocacao,Open Source Hardware,DIY Electronics,Home Automation,Constelacao de Penis,Orch-OS,Problemas Paternos,Inovador Marginal,Busca Validacao,Humor NSFW,Busca por Validacao,Hardware Hacking,Automação Residencial,Obsessao,Inovacao Acessivel,Medio,Smart Home,IoT
243,Geopolitica Hacker,Sarcasmico,Prova que Sistemas Falham,Cyber Espionage,Economic Espionage,Industrial Espionage,PEM Caseiro,Sistema Anti-Tank,Busca por Atencao,Gênio,Desafiador,Irreverente,Acredita na Genialidade,Guerra Economica,Concorrencia Desleal,Teimoso,Apropriação,Baixo,Mandiant,CrowdStrike
244,Sistemas Distribuídos,Cru,Ativismo Radical,Edge Computing,Fog Computing,Mist Computing,Consciencia de Enxame,Atous Protocol,Frustracao,Unico,Analitico,Acido,Aceita Desafios,Realidade como Borda,Infraestrutura Distribuida,Imparavel,Descentralizacao de Processamento,Alto,Akamai,Cloudflare
245,Termodinamica,Poetico,Desafia Leis Naturais,Statistical Mechanics,Quantum Computing,Thermodynamics of Quantum Information,Quebrar 2a Lei Termodinamica,Bitcoin Miner,Trauma Existencial,Superior,Analitico Critico,Inteligente,Transforma Erro em Lenda,Fisica Quantica,Filosofia da Fisica,Incansavel,Conhecimento Unificado,Medio,David Deutsch,Scott Aaronson
246,AI Ethics,Sarcasmico,Critica LLMs,AI Auditing,Ethical Frameworks,Regulatory Compliance,LLM em Calculadora,Algoritmo de Previsao,Complexo de Messias,Analista,Confrontador,Zombeteiro,Invertido,Espelho da Conformidade,Auditoria Algoritmica,Persistente,Desmascarar Falsidade,Baixo,AI Governance Institute,AlgorithmWatch
247,Engenharia Social,Manipulador,Subversao,Social Engineering Lifecycle,Human Exploitation,Influence Operations,Processo Seletivo como Espionagem,SeductionOS,Assedio,Gênio do Caos,Engajador,Pervertido,Surpreendente,Gamer para Vida Real,Psicologia Operacional,Foco no Objetivo,Controle Mental,Muito Alto,Intelligence Agencies,Special Operations
248,Otimizacao ZRAM,Tecnico,Eficiencia,Kernel Modules,Driver Optimization,IO Scheduling,Timer Adaptativo ZRAM,Autoconfiguracao de IO/CPU,Nao Mencionada,Pragmatico,Colaborativo,Direto,Logico,Sistema como Ferramenta,Otimizacao de Drivers,Metodico,Resonsividade do Sistema,Baixo,blk-mq,BFQ
249,Economia Digital,Direto,Lucro,Cryptocurrency Regulations,Blockchain Law,Financial Crime,Economia do Odio,Orch-Coin,Nao Mencionada,Realista Cinico,Interrogativo,Sem Filtro,Analitico,Dinheiro como Risco,Crimes Financeiros,Pragmatico,Elusao,Medio,FATF,FinCEN
250,Cibernetica,Filosofico,Existencialismo Digital,Complex Adaptive Systems,Emergent Phenomena,Self-Organizing Map,NeuroCore,RealityCheck,Nao Mencionada,Pensador,Aberto a Ideias,Introspectivo,Reflexivo,Sistema como Consciencia,Inteligencia Artificial,Busca da Verdade,Interacao Complexa,Baixo,Kohonen,Hopfield
251,Seguranca Industrial,Tecnico,Anti-Normas,ICS Vulnerabilities,SCADA Exploits,Malware Analysis for OT,SCADA Hacking,Stuxnet em Torradeira,Ceticismo,Rebelde,Descrente,Zombeteiro,Debatedor,Sistema Falho,Analise de Malware,Destemido,Destruicao de Infraestrutura,Alto,MITRE ATT&CK for ICS,Dragonfly
252,Gerenciamento de Projetos,Organizado,Estrutura,Project Management Methodologies,Agile Practices,Waterfall Model,Arquitetura de Projeto,Big Bang Init,Nao Mencionada,Lider,Colaborativo,Focado,Solucionador de Problemas,Projeto como Metodo,Melhoria Continua,Disciplinado,Adaptabilidade,Baixo,DevOps,Lean
253,Testes de Software,Detalhado,Qualidade,Unit Testing,Integration Testing,System Testing,Validacao de Reinicializacao,Rotinas de Pos-Tuning,Nao Mencionada,Preciso,Minucioso,Assertivo,Verificador,Codigo como Qualidade,Ciclo de Vida do Teste,Atento,Validação,Baixo,Software Testing Life Cycle,V-Model
254,Otimizacao de Imagem,Criativo,Arte Digital,Generative AI Art,Neural Networks for Art,Style Transfer,Video 8-bit,NFTs da Acao,Nao Mencionada,Visionario,Provocador,Artistico,Nao Convencional,Mídia como Criação,Inteligencia Artificial para Arte,Persistente na Visao,Vanguarda,Medio,DALL-E,Midjourney
255,Teoria da Informacao,Academico,Conhecimento Livre,Information Systems,Data Science,Big Data,Distribuicao de Raspberry,Aprender Python em Favelas,Idealismo,Altruista,Professor,Educacional,Disponivel,Conhecimento como Recurso,Analise de Dados,Dedicao,Inovacao Educacional,Baixo,Coursera,edX
256,Reciclagem Tech,Pragmatico,Sustentabilidade,DIY Electronics,Open Source Hardware,Sustainable Practices,Drones de Reflorestamento,Entupir Canos,Nao Mencionada,Engenheiro de Guerrilha,Pratico,Engenhoso,Fazedor,Lixo como Oportunidade,Inovacao Sustentavel,Inovador,Autossuficiencia Tecnologica,Baixo,RepRap,Arduino
257,Direito Cibernetico,Cauteloso,Legalidade,Cybersecurity Regulations,Data Sovereignty,Digital Identity,Nao Mencionada,Nao Mencionada,Risco Legal,Consciente,Alerta,Serio,Atento,Lei como Fronteira,Cidadania Digital,Criterioso,Controle Governamental,Alto,eIDAS,Digital Single Market
258,Ciberseguranca,Estrategico,Defesa,Threat Intelligence Platforms,Security Automation,AI in Security,Mitigacao de Invasor,Black ICE Style,Nao Mencionada,Protetor,Observador,Vigilante,Preventivo,Sistema como Conhecimento,Inteligencia de Ameaças,Atento,Resposta Automatizada,Alto,Splunk,IBM QRadar
259,Filosofia Hacker,Sarcasmico,Autodidatismo,Free Software Movement,Open Source Movement,Digital Rights,Hackear Firmware Cosmico,Quebrar o LinkedIn,Nao Mencionada,Iconoclasta,Critico,Filosofico,Subversivo,Realidade como Codigo Aberto,Ativismo de Software,Persistente na Busca,Liberdade de Software,Muito Alto,GNU Project,Linux Foundation
260,Gestao de Reputacao,Assertivo,Consenso,Influencer Relations,Brand Storytelling,Content Marketing,Consenso Bianzanino,Economia do Odio (reputacao),Nao Mencionada,Estrategista,Gerenciador,Autoritario,Determinado,Reputacao como Narrativa,Marketing de Conteudo,Implacavel,Formacao de Opiniao,Medio,TED Talks,BuzzFeed
261,Otimizacao Extrema,Agressivo,Anti-sistema,Algoritmos de Otimizacao,Estruturas de Dados Avançadas,Programação Concorrente,AGI em SNES,Projeto Flatline,Demissao,Genio Disruptivo,Testa Limites,Sarcasmo Acido,Reage com Mais Provocacao,Código como Arma,Ciência da Computação,Projetos de Longo Prazo,Eficiência Computacional,Alto,Peter Norvig,Stuart Russell
262,Hardware Low-Cost,Direto,Provocacao,Computação Embarcada,Sistemas Embarcados,Firmware de Baixo Nível,Constelacao de Penis,Orch-OS,Problemas Paternos,Inovador Marginal,Busca Validacao,Humor NSFW,Busca por Validacao,Hardware como Arte,Engenharia Eletrônica,Obsessao,Inovação Sustentável,Medio,Arduino,ESP32
263,Geopolitica Hacker,Sarcasmico,Prova que Sistemas Falham,Guerra de Informação,Ciberterrorismo,Ataques Patrocinados por Estado,PEM Caseiro,Sistema Anti-Tank,Busca por Atencao,Gênio,Desafiador,Irreverente,Acredita na Genialidade,Ciberguerra,Inteligência de Código Aberto,Teimoso,Influência Global,Baixo,GRU,Unit 61398
264,Sistemas Distribuídos,Cru,Ativismo Radical,Sistemas de Mensageria,Filas de Mensagens,Service Mesh,Consciencia de Enxame,Atous Protocol,Frustracao,Unico,Analitico,Acido,Aceita Desafios,Realidade como Fluxo,Arquitetura de Microsserviços,Imparavel,Comunicação Assíncrona,Alto,RabbitMQ,Apache Kafka
265,Termodinamica,Poetico,Desafia Leis Naturais,Teoria do Caos,Sistemas Complexos,Fractais,Quebrar 2a Lei Termodinamica,Bitcoin Miner,Trauma Existencial,Superior,Analitico Critico,Inteligente,Transforma Erro em Lenda,Física do Inesperado,Filosofia da Desordem,Incansavel,Conhecimento Anárquico,Medio,Benoît Mandelbrot,Edward Ott
266,AI Ethics,Sarcasmico,Critica LLMs,Responsabilidade da IA,Regulamentação de Algoritmos,Auditoria de Algoritmos,LLM em Calculadora,Algoritmo de Previsao,Complexo de Messias,Analista,Confrontador,Zombeteiro,Invertido,Espelho Legal,Transparência Algorítmica,Persistente,Desmascarar Ocultação,Baixo,AI Law,Algorithmic Justice League
267,Engenharia Social,Manipulador,Subversao,Psicologia Forense,Análise de Comportamento,Profiling Criminológico,Processo Seletivo como Espionagem,SeductionOS,Assedio,Gênio do Caos,Engajador,Pervertido,Surpreendente,Gamer para Vida Real,Psicologia Criminal,Foco no Objetivo,Previsão de Comportamento,Muito Alto,FBI Behavioral Analysis Unit,John E. Douglas
268,Otimizacao ZRAM,Tecnico,Eficiencia,Configuração de Swap,Otimização de Disco,Gerenciamento de Cache,Timer Adaptativo ZRAM,Autoconfiguracao de IO/CPU,Nao Mencionada,Pragmatico,Colaborativo,Direto,Logico,Sistema como Organismo,Otimização de I/O,Metodico,Velocidade de Leitura/Escrita,Baixo,hdparm,iotop
269,Economia Digital,Direto,Lucro,Tokens Não Fungíveis (NFTs),Mercados de NFT,Arte Criptográfica,Economia do Odio,Orch-Coin,Nao Mencionada,Realista Cinico,Interrogativo,Sem Filtro,Analitico,Dinheiro como Expressão,Cultura Digital,Pragmatico,Colecionáveis Digitais,Medio,Beeple,CryptoPunks
270,Cibernetica,Filosofico,Existencialismo Digital,Teoria dos Sistemas,Sistemas Abstratos,Redes Neurais,NeuroCore,RealityCheck,Nao Mencionada,Pensador,Aberto a Ideias,Introspectivo,Reflexivo,Sistema como Cérebro,Neurociência Computacional,Busca da Verdade,Aprendizagem,Baixo,Warren McCulloch,Walter Pitts
271,Seguranca Industrial,Tecnico,Anti-Normas,Vulnerabilidades SCADA,Ataques a ICS,Resposta a Incidentes OT,SCADA Hacking,Stuxnet em Torradeira,Ceticismo,Rebelde,Descrente,Zombeteiro,Debatedor,Sistema Falho,Engenharia de Segurança,Destemido,Causar Interrupção,Alto,SANS ICS Security,Black Hat USA
272,Gerenciamento de Projetos,Organizado,Estrutura,Metodologias Ágeis,Design Thinking,Iteração e Feedback,Arquitetura de Projeto,Big Bang Init,Nao Mencionada,Lider,Colaborativo,Focado,Solucionador de Problemas,Projeto como Experimento,Inovação,Disciplinado,Agilidade,Baixo,Design Sprint,Lean Startup
273,Testes de Software,Detalhado,Qualidade,Testes de Regressão,Testes de Performance,Testes de Segurança,Validacao de Reinicializacao,Rotinas de Pos-Tuning,Nao Mencionada,Preciso,Minucioso,Assertivo,Verificador,Código como Contrato,Automação de Testes,Atento,Qualidade Final,Baixo,Jenkins,Travis CI
274,Otimizacao de Imagem,Criativo,Arte Digital,Modelagem 3D,Animação 3D,Renderização,Video 8-bit,NFTs da Acao,Nao Mencionada,Visionario,Provocador,Artistico,Nao Convencional,Mídia como Mundo,Computação Gráfica,Persistente na Visao,Imersão,Medio,Blender,Cinema 4D
275,Teoria da Informacao,Academico,Conhecimento Livre,Sistemas de Recomendação,Filtragem Colaborativa,Processamento de Linguagem Natural,Distribuicao de Raspberry,Aprender Python em Favelas,Idealismo,Altruista,Professor,Educacional,Disponivel,Conhecimento como Renda,Inteligência Artificial,Dedicao,Democratização do Conhecimento,Baixo,Netflix,Spotify
276,Reciclagem Tech,Pragmatico,Sustentabilidade,Manutenção Preditiva,Economia de Recursos,Longevidade do Produto,Drones de Reflorestamento,Entupir Canos,Nao Mencionada,Engenheiro de Guerrilha,Pratico,Engenhoso,Fazedor,Lixo como Oportunidade,Sustentabilidade Industrial,Inovador,Otimização de Vida Útil,Baixo,Indústria 4.0,Manutenção Inteligente
277,Direito Cibernetico,Cauteloso,Legalidade,Crimes Cibernéticos,Investigação Digital,Evidência Digital,Nao Mencionada,Nao Mencionada,Risco Legal,Consciente,Alerta,Serio,Atento,Lei como Ferramenta,Perícia Digital,Criterioso,Coleta de Provas,Alto,Cibercrime,Digital Forensics
278,Ciberseguranca,Estrategico,Defesa,Defesa em Profundidade,Segmentação de Rede,Micro-segmentação,Mitigacao de Invasor,Black ICE Style,Nao Mencionada,Protetor,Observador,Vigilante,Preventivo,Sistema como Labirinto,Arquitetura de Segurança,Atento,Minimização de Superfície de Ataque,Alto,Zero Trust,Software-Defined Networking
279,Filosofia Hacker,Sarcasmico,Autodidatismo,Cultura Cypherpunk,Privacidade Digital,Anonimato Online,Hackear Firmware Cosmico,Quebrar o LinkedIn,Nao Mencionada,Iconoclasta,Critico,Filosofico,Subversivo,Realidade como Anonimato,Liberdade na Rede,Persistente na Busca,Criptografia,Muito Alto,Phil Zimmermann,Timothy C. May
280,Gestao de Reputacao,Assertivo,Consenso,Gestão de Crises de Imagem,Monitoramento de Mídia,Relações Públicas Digitais,Consenso Bianzanino,Economia do Odio (reputacao),Nao Mencionada,Estrategista,Gerenciador,Autoritario,Determinado,Reputacao como Escudo,Engajamento Online,Implacavel,Controle da Narrativa,Medio,Crisis Management,Digital PR
281,Otimizacao Extrema,Direto,Anti-sistema,Algoritmos Genéticos,Otimização Combinatória,Heurísticas,AGI em SNES,Projeto Flatline,Demissao,Genio Disruptivo,Testa Limites,Sarcasmo Acido,Reage com Mais Provocacao,Código como Evolução,Inteligência Artificial,Projetos de Longo Prazo,Maximização de Performance,Alto,Genetic Algorithms,Simulated Annealing
282,Hardware Low-Cost,Agressivo,Provocacao,Eletrônica de Consumo,Dispositivos Vestíveis,Sistemas Embarcados,Constelacao de Penis,Orch-OS,Problemas Paternos,Inovador Marginal,Busca Validacao,Humor NSFW,Busca por Validacao,Hardware Hacking,Dispositivos IoT,Obsessao,Inovação Portátil,Medio,Wearable Tech,Smart Gadgets
283,Geopolitica Hacker,Sarcasmico,Prova que Sistemas Falham,Guerra Híbrida,Subversão Digital,Hacktivismo,PEM Caseiro,Sistema Anti-Tank,Busca por Atencao,Gênio,Desafiador,Irreverente,Acredita na Genialidade,Guerra Assimétrica,Agitação Social,Teimoso,Revolução Digital,Baixo,Arab Spring,Occupy Wall Street
284,Sistemas Distribuídos,Cru,Ativismo Radical,Computação em Grade,Computação em Nuvem,Big Data Analytics,Consciencia de Enxame,Atous Protocol,Frustracao,Unico,Analitico,Acido,Aceita Desafios,Realidade como Big Data,Análise de Dados Distribuída,Imparavel,Processamento em Massa,Alto,Apache Spark,Hadoop
285,Termodinamica,Poetico,Desafia Leis Naturais,Física Estatística,Mecânica Quântica,Teoria Quântica de Campos,Quebrar 2a Lei Termodinamica,Bitcoin Miner,Trauma Existencial,Superior,Analitico Critico,Inteligente,Transforma Erro em Lenda,Física Quântica,Cosmologia,Incansavel,Conhecimento Universal,Medio,Richard Feynman,Albert Einstein
286,AI Ethics,Sarcasmico,Critica LLMs,Viés Algorítmico,Privacidade de Dados,Vigilância,LLM em Calculadora,Algoritmo de Previsao,Complexo de Messias,Analista,Confrontador,Zombeteiro,Invertido,Espelho da Vigilância,Direitos Humanos,Persistente,Desmascarar Abusos,Baixo,GDPR,CCPA
287,Engenharia Social,Manipulador,Subversao,Psicologia Social,Neuromarketing,Persuasão,Processo Seletivo como Espionagem,SeductionOS,Assedio,Gênio do Caos,Engajador,Pervertido,Surpreendente,Gamer para Vida Real,Neurociência Social,Foco no Objetivo,Controle Emocional,Muito Alto,Robert Cialdini,Daniel Kahneman
288,Otimizacao ZRAM,Tecnico,Eficiencia,Alocação de Memória,Gerenciamento de Processos,Balanceamento de Carga,Timer Adaptativo ZRAM,Autoconfiguracao de IO/CPU,Nao Mencionada,Pragmatico,Colaborativo,Direto,Logico,Sistema como Ferramenta,Otimização de Recursos,Metodico,Desempenho do Sistema,Baixo,top,htop
289,Economia Digital,Direto,Lucro,Finanças Descentralizadas (DeFi),Governança em Blockchain,Staking,Economia do Odio,Orch-Coin,Nao Mencionada,Realista Cinico,Interrogativo,Sem Filtro,Analitico,Dinheiro como Liberdade,Criptoeconomia,Pragmatico,Autonomia Financeira,Medio,Compound,Aave
290,Cibernetica,Filosofico,Existencialismo Digital,Teoria do Controle,Sistemas de Realimentação,Autorregulação,NeuroCore,RealityCheck,Nao Mencionada,Pensador,Aberto a Ideias,Introspectivo,Reflexivo,Sistema como Vida,Filosofia da Mente,Busca da Verdade,Interação Humana,Baixo,Norbert Wiener,Claude Shannon
291,Seguranca Industrial,Tecnico,Anti-Normas,Ataques Cibernéticos Industriais,Proteção de Infraestrutura Crítica,Resiliência Cibernética,SCADA Hacking,Stuxnet em Torradeira,Ceticismo,Rebelde,Descrente,Zombeteiro,Debatedor,Sistema Falho,Engenharia de Resiliência,Destemido,Recuperação de Desastres,Alto,CERT-EU,ENISA
292,Gerenciamento de Projetos,Organizado,Estrutura,Gerenciamento de Escopo,Gerenciamento de Tempo,Gerenciamento de Custos,Arquitetura de Projeto,Big Bang Init,Nao Mencionada,Lider,Colaborativo,Focado,Solucionador de Problemas,Projeto como Estrutura,Planejamento Estratégico,Disciplinado,Controle,Baixo,EVN,WBS
293,Testes de Software,Detalhado,Qualidade,Testes de Usabilidade,Testes de Acessibilidade,Testes de Compatibilidade,Validacao de Reinicializacao,Rotinas de Pos-Tuning,Nao Mencionada,Preciso,Minucioso,Assertivo,Verificador,Codigo como Interface,Experiencia do Usuário,Atento,Qualidade do Produto,Baixo,WCAG,Accessibility Testing
294,Otimizacao de Imagem,Criativo,Arte Digital,Realidade Aumentada (RA),Realidade Virtual (RV),Design de Interação,Video 8-bit,NFTs da Acao,Nao Mencionada,Visionario,Provocador,Artistico,Nao Convencional,Mídia como Imersão,Design Imersivo,Persistente na Visao,Interação,Medio,Unity,Unreal Engine
295,Teoria da Informacao,Academico,Conhecimento Livre,Criptografia Quântica,Computação Quântica,Teoria da Informação Quântica,Distribuicao de Raspberry,Aprender Python em Favelas,Idealismo,Altruista,Professor,Educacional,Disponivel,Conhecimento como Salto,Fronteira do Conhecimento,Dedicao,Inovação Quântica,Baixo,QKD,Quantum Supremacy
296,Reciclagem Tech,Pragmatico,Sustentabilidade,Gestão de Resíduos Eletrônicos,Reuso de Componentes,Economia de Recursos,Drones de Reflorestamento,Entupir Canos,Nao Mencionada,Engenheiro de Guerrilha,Pratico,Engenhoso,Fazedor,Lixo como Matéria-Prima,Engenharia Ambiental,Inovador,Recuperação de Valor,Baixo,Material Recovery,Waste Valorization
297,Direito Cibernetico,Cauteloso,Legalidade,Legislação de Cibersegurança,Normas de Privacidade,Regulamentação de IA,Nao Mencionada,Nao Mencionada,Risco Legal,Consciente,Alerta,Serio,Atento,Lei como Ferramenta,Conformidade Regulatória,Criterioso,Governança Digital,Alto,NIS Directive,AI Ethics Guidelines
298,Ciberseguranca,Estrategico,Defesa,Segurança da Nuvem,Segurança de Contêineres,Segurança de Aplicações,Mitigacao de Invasor,Black ICE Style,Nao Mencionada,Protetor,Observador,Vigilante,Preventivo,Sistema como Ecossistema,Defesa de Aplicações,Atento,Proteção Contínua,Alto,DevSecOps,Application Security
299,Filosofia Hacker,Sarcasmico,Autodidatismo,Ética Hacker,Liberdade de Código,Cultura do Remix,Hackear Firmware Cosmico,Quebrar o LinkedIn,Nao Mencionada,Iconoclasta,Critico,Filosofico,Subversivo,Realidade como Remix,Cultura do Remix,Persistente na Busca,Reapropriação,Muito Alto,Lawrence Lessig,Cory Doctorow
300,Gestao de Reputacao,Assertivo,Consenso,Influência Social,Monitoramento de Redes Sociais,Análise de Sentimento,Consenso Bianzanino,Economia do Odio (reputacao),Nao Mencionada,Estrategista,Gerenciador,Autoritario,Determinado,Reputacao como Capital Social,Mídia Social,Implacavel,Engajamento,Medio,Klout,Social Blade